"session_id","phase_number","phase_name","confidence"
"001b3308-de2f-11ef-a87b-0242ac120003",5,Post Phase,4
"001b3308-de2f-11ef-a87b-0242ac120003",3,Pre phase ,4
"001b3308-de2f-11ef-a87b-0242ac120003",4,Intervention Phase,4
"02105c18-dd6e-11ef-b02c-0242ac120003",4,Intervention Phase,4
"02105c18-dd6e-11ef-b02c-0242ac120003",5,Post Phase,4
"02105c18-dd6e-11ef-b02c-0242ac120003",3,Pre phase ,4
"035a84e4-dfb8-11ef-9db1-0242ac120003",5,Post Phase,5
"035a84e4-dfb8-11ef-9db1-0242ac120003",3,Pre phase ,4
"035a84e4-dfb8-11ef-9db1-0242ac120003",4,Intervention Phase,4
"0394b8f2-dfd2-11ef-82d1-0242ac120003",5,Post Phase,5
"0394b8f2-dfd2-11ef-82d1-0242ac120003",4,Intervention Phase,5
"0394b8f2-dfd2-11ef-82d1-0242ac120003",3,Pre phase ,5
"065bd84a-dfaa-11ef-9101-0242ac120003",5,Post Phase,5
"065bd84a-dfaa-11ef-9101-0242ac120003",4,Intervention Phase,5
"065bd84a-dfaa-11ef-9101-0242ac120003",3,Pre phase ,5
"072e3574-dfd2-11ef-8b3e-0242ac120003",4,Intervention Phase,4
"072e3574-dfd2-11ef-8b3e-0242ac120003",5,Post Phase,4
"072e3574-dfd2-11ef-8b3e-0242ac120003",3,Pre phase ,5
"07760398-dd4f-11ef-9101-0242ac120003",5,Post Phase,3
"07760398-dd4f-11ef-9101-0242ac120003",4,Intervention Phase,4
"07760398-dd4f-11ef-9101-0242ac120003",3,Pre phase ,4
"07fccb68-deed-11ef-a609-0242ac120003",5,Post Phase,5
"07fccb68-deed-11ef-a609-0242ac120003",3,Pre phase ,5
"07fccb68-deed-11ef-a609-0242ac120003",4,Intervention Phase,5
"08a3ef62-dfd6-11ef-af32-0242ac120003",4,Intervention Phase,4
"08a3ef62-dfd6-11ef-af32-0242ac120003",3,Pre phase ,3
"08a3ef62-dfd6-11ef-af32-0242ac120003",5,Post Phase,4
"08b5979a-dd69-11ef-8bc0-0242ac120003",4,Intervention Phase,4
"08b5979a-dd69-11ef-8bc0-0242ac120003",3,Pre phase ,4
"08b5979a-dd69-11ef-8bc0-0242ac120003",5,Post Phase,4
"08c8c4cc-dee1-11ef-9325-0242ac120003",4,Intervention Phase,4
"08c8c4cc-dee1-11ef-9325-0242ac120003",3,Pre phase ,4
"08c8c4cc-dee1-11ef-9325-0242ac120003",5,Post Phase,4
"08e45e04-dfd0-11ef-9325-0242ac120003",3,Pre phase ,4
"09746fc8-dfb0-11ef-9101-0242ac120003",4,Intervention Phase,5
"09746fc8-dfb0-11ef-9101-0242ac120003",3,Pre phase ,5
"09746fc8-dfb0-11ef-9101-0242ac120003",5,Post Phase,5
"0a2dc28c-dd69-11ef-aae8-0242ac120003",5,Post Phase,4
"0a2dc28c-dd69-11ef-aae8-0242ac120003",4,Intervention Phase,4
"0a2dc28c-dd69-11ef-aae8-0242ac120003",3,Pre phase ,4
"0a8b8b20-deee-11ef-af32-0242ac120003",5,Post Phase,4
"0a8b8b20-deee-11ef-af32-0242ac120003",3,Pre phase ,3
"0a8b8b20-deee-11ef-af32-0242ac120003",4,Intervention Phase,4
"0ac2b528-df0c-11ef-8b3e-0242ac120003",4,Intervention Phase,4
"0ac2b528-df0c-11ef-8b3e-0242ac120003",5,Post Phase,3
"0ac2b528-df0c-11ef-8b3e-0242ac120003",3,Pre phase ,5
"0d01f52c-de3c-11ef-9325-0242ac120003",5,Post Phase,5
"0d01f52c-de3c-11ef-9325-0242ac120003",3,Pre phase ,4
"0d01f52c-de3c-11ef-9325-0242ac120003",4,Intervention Phase,4
"0d06aeea-dd70-11ef-9db1-0242ac120003",4,Intervention Phase,4
"0d06aeea-dd70-11ef-9db1-0242ac120003",3,Pre phase ,4
"0d06aeea-dd70-11ef-9db1-0242ac120003",5,Post Phase,4
"0d6089aa-dfce-11ef-a8d9-0242ac120003",3,Pre phase ,5
"0d6089aa-dfce-11ef-a8d9-0242ac120003",5,Post Phase,5
"0d6089aa-dfce-11ef-a8d9-0242ac120003",4,Intervention Phase,5
"0d76fa44-defe-11ef-8bc0-0242ac120003",3,Pre phase ,3
"0d76fa44-defe-11ef-8bc0-0242ac120003",5,Post Phase,3
"0d76fa44-defe-11ef-8bc0-0242ac120003",4,Intervention Phase,3
"0ed615bc-df0f-11ef-9325-0242ac120003",5,Post Phase,3
"0ed615bc-df0f-11ef-9325-0242ac120003",4,Intervention Phase,3
"0ed615bc-df0f-11ef-9325-0242ac120003",3,Pre phase ,3
"0f6d3922-dfcf-11ef-af32-0242ac120003",4,Intervention Phase,3
"0f6d3922-dfcf-11ef-af32-0242ac120003",5,Post Phase,2
"0f6d3922-dfcf-11ef-af32-0242ac120003",3,Pre phase ,3
"104014d0-dfd6-11ef-9101-0242ac120003",4,Intervention Phase,5
"104014d0-dfd6-11ef-9101-0242ac120003",3,Pre phase ,5
"104014d0-dfd6-11ef-9101-0242ac120003",5,Post Phase,4
"1068e9f0-df0e-11ef-9325-0242ac120003",3,Pre phase ,5
"1068e9f0-df0e-11ef-9325-0242ac120003",4,Intervention Phase,5
"1068e9f0-df0e-11ef-9325-0242ac120003",5,Post Phase,5
"10c830e6-dfc6-11ef-8b3e-0242ac120003",4,Intervention Phase,3
"10c830e6-dfc6-11ef-8b3e-0242ac120003",3,Pre phase ,4
"10c830e6-dfc6-11ef-8b3e-0242ac120003",5,Post Phase,2
"1237be9e-df06-11ef-8b3e-0242ac120003",5,Post Phase,3
"1237be9e-df06-11ef-8b3e-0242ac120003",4,Intervention Phase,4
"1237be9e-df06-11ef-8b3e-0242ac120003",3,Pre phase ,4
"1311dc8c-dfce-11ef-b02c-0242ac120003",3,Pre phase ,4
"1311dc8c-dfce-11ef-b02c-0242ac120003",5,Post Phase,4
"1311dc8c-dfce-11ef-b02c-0242ac120003",4,Intervention Phase,5
"14580eb2-de2b-11ef-8bc0-0242ac120003",4,Intervention Phase,4
"14580eb2-de2b-11ef-8bc0-0242ac120003",5,Post Phase,4
"14580eb2-de2b-11ef-8bc0-0242ac120003",3,Pre phase ,4
"14afda8e-dd63-11ef-9101-0242ac120003",5,Post Phase,4
"14afda8e-dd63-11ef-9101-0242ac120003",4,Intervention Phase,4
"14afda8e-dd63-11ef-9101-0242ac120003",3,Pre phase ,4
"14dce8ae-df01-11ef-9325-0242ac120003",3,Pre phase ,2
"14dce8ae-df01-11ef-9325-0242ac120003",5,Post Phase,1
"14dce8ae-df01-11ef-9325-0242ac120003",4,Intervention Phase,2
"162d2fa8-dfd7-11ef-8bc0-0242ac120003",3,Pre phase ,4
"162d2fa8-dfd7-11ef-8bc0-0242ac120003",5,Post Phase,3
"162d2fa8-dfd7-11ef-8bc0-0242ac120003",4,Intervention Phase,4
"164cede6-dfd4-11ef-9101-0242ac120003",4,Intervention Phase,4
"164cede6-dfd4-11ef-9101-0242ac120003",5,Post Phase,4
"164cede6-dfd4-11ef-9101-0242ac120003",3,Pre phase ,4
"17017d8e-dfb0-11ef-9101-0242ac120003",4,Intervention Phase,5
"17017d8e-dfb0-11ef-9101-0242ac120003",5,Post Phase,5
"17017d8e-dfb0-11ef-9101-0242ac120003",3,Pre phase ,5
"1715ac42-dd57-11ef-b02c-0242ac120003",3,Pre phase ,4
"1715ac42-dd57-11ef-b02c-0242ac120003",5,Post Phase,4
"1715ac42-dd57-11ef-b02c-0242ac120003",4,Intervention Phase,5
"1850e62a-de3e-11ef-b02c-0242ac120003",4,Intervention Phase,5
"1850e62a-de3e-11ef-b02c-0242ac120003",3,Pre phase ,4
"1850e62a-de3e-11ef-b02c-0242ac120003",5,Post Phase,5
"18befe6e-def0-11ef-9325-0242ac120003",3,Pre phase ,4
"18befe6e-def0-11ef-9325-0242ac120003",4,Intervention Phase,3
"18befe6e-def0-11ef-9325-0242ac120003",5,Post Phase,5
"19c6a16e-de31-11ef-b02c-0242ac120003",4,Intervention Phase,5
"19c6a16e-de31-11ef-b02c-0242ac120003",3,Pre phase ,5
"19c6a16e-de31-11ef-b02c-0242ac120003",5,Post Phase,5
"1a297a26-de29-11ef-9db1-0242ac120003",4,Intervention Phase,3
"1a297a26-de29-11ef-9db1-0242ac120003",5,Post Phase,4
"1a297a26-de29-11ef-9db1-0242ac120003",3,Pre phase ,4
"1ae82ade-ddc5-11ef-9db1-0242ac120003",3,Pre phase ,3
"1afc0ff2-df07-11ef-b02c-0242ac120003",4,Intervention Phase,4
"1afc0ff2-df07-11ef-b02c-0242ac120003",5,Post Phase,5
"1afc0ff2-df07-11ef-b02c-0242ac120003",3,Pre phase ,4
"1b66a124-dfc4-11ef-9db1-0242ac120003",3,Pre phase ,4
"1b66a124-dfc4-11ef-9db1-0242ac120003",4,Intervention Phase,4
"1b66a124-dfc4-11ef-9db1-0242ac120003",5,Post Phase,4
"1b751bac-dee1-11ef-9101-0242ac120003",4,Intervention Phase,5
"1b751bac-dee1-11ef-9101-0242ac120003",3,Pre phase ,5
"1b751bac-dee1-11ef-9101-0242ac120003",5,Post Phase,5
"1bcd28e0-de39-11ef-af32-0242ac120003",5,Post Phase,5
"1bcd28e0-de39-11ef-af32-0242ac120003",3,Pre phase ,4
"1bcd28e0-de39-11ef-af32-0242ac120003",4,Intervention Phase,4
"1becdf02-de41-11ef-9101-0242ac120003",3,Pre phase ,4
"1becdf02-de41-11ef-9101-0242ac120003",5,Post Phase,4
"1becdf02-de41-11ef-9101-0242ac120003",4,Intervention Phase,4
"1c0b08e6-dfaa-11ef-8bc0-0242ac120003",3,Pre phase ,4
"1c0b08e6-dfaa-11ef-8bc0-0242ac120003",4,Intervention Phase,4
"1c0b08e6-dfaa-11ef-8bc0-0242ac120003",5,Post Phase,4
"1cb83d3a-dfc4-11ef-af32-0242ac120003",5,Post Phase,4
"1cb83d3a-dfc4-11ef-af32-0242ac120003",4,Intervention Phase,4
"1cb83d3a-dfc4-11ef-af32-0242ac120003",3,Pre phase ,3
"1d29ad32-dfbd-11ef-9db1-0242ac120003",3,Pre phase ,5
"1d29ad32-dfbd-11ef-9db1-0242ac120003",4,Intervention Phase,5
"1d29ad32-dfbd-11ef-9db1-0242ac120003",5,Post Phase,5
"1dff018a-de37-11ef-aae8-0242ac120003",3,Pre phase ,5
"1dff018a-de37-11ef-aae8-0242ac120003",4,Intervention Phase,5
"1dff018a-de37-11ef-aae8-0242ac120003",5,Post Phase,5
"1e0cb620-dd76-11ef-9101-0242ac120003",5,Post Phase,2
"1e0cb620-dd76-11ef-9101-0242ac120003",4,Intervention Phase,4
"1e0cb620-dd76-11ef-9101-0242ac120003",3,Pre phase ,3
"1f43449e-dfc6-11ef-9db1-0242ac120003",3,Pre phase ,4
"1f43449e-dfc6-11ef-9db1-0242ac120003",4,Intervention Phase,4
"1f43449e-dfc6-11ef-9db1-0242ac120003",5,Post Phase,4
"20488834-dd4d-11ef-858d-0242ac120003",3,Pre phase ,2
"207baf4a-dee5-11ef-af32-0242ac120003",4,Intervention Phase,4
"207baf4a-dee5-11ef-af32-0242ac120003",3,Pre phase ,4
"207baf4a-dee5-11ef-af32-0242ac120003",5,Post Phase,4
"221089a2-dd69-11ef-b02c-0242ac120003",3,Pre phase ,5
"221089a2-dd69-11ef-b02c-0242ac120003",4,Intervention Phase,5
"221089a2-dd69-11ef-b02c-0242ac120003",5,Post Phase,5
"23a7959c-de3d-11ef-9325-0242ac120003",5,Post Phase,5
"23a7959c-de3d-11ef-9325-0242ac120003",4,Intervention Phase,4
"23a7959c-de3d-11ef-9325-0242ac120003",3,Pre phase ,5
"23b2826c-dd4e-11ef-af32-0242ac120003",3,Pre phase ,3
"23b2826c-dd4e-11ef-af32-0242ac120003",5,Post Phase,3
"23b2826c-dd4e-11ef-af32-0242ac120003",4,Intervention Phase,3
"23dc3066-dfca-11ef-9325-0242ac120003",5,Post Phase,4
"23dc3066-dfca-11ef-9325-0242ac120003",3,Pre phase ,4
"23dc3066-dfca-11ef-9325-0242ac120003",4,Intervention Phase,4
"242c3782-dfb6-11ef-9325-0242ac120003",5,Post Phase,5
"242c3782-dfb6-11ef-9325-0242ac120003",3,Pre phase ,4
"242c3782-dfb6-11ef-9325-0242ac120003",4,Intervention Phase,4
"245abb6a-dd6e-11ef-a8d9-0242ac120003",3,Pre phase ,4
"245abb6a-dd6e-11ef-a8d9-0242ac120003",5,Post Phase,3
"245abb6a-dd6e-11ef-a8d9-0242ac120003",4,Intervention Phase,4
"24f54366-dfbb-11ef-8bc0-0242ac120003",4,Intervention Phase,4
"24f54366-dfbb-11ef-8bc0-0242ac120003",3,Pre phase ,5
"24f54366-dfbb-11ef-8bc0-0242ac120003",5,Post Phase,5
"25ec7a38-dfba-11ef-9db1-0242ac120003",4,Intervention Phase,4
"25ec7a38-dfba-11ef-9db1-0242ac120003",3,Pre phase ,4
"25ec7a38-dfba-11ef-9db1-0242ac120003",5,Post Phase,4
"272e3756-df10-11ef-a8d9-0242ac120003",5,Post Phase,2
"272e3756-df10-11ef-a8d9-0242ac120003",4,Intervention Phase,3
"272e3756-df10-11ef-a8d9-0242ac120003",3,Pre phase ,2
"27817c02-def4-11ef-9101-0242ac120003",4,Intervention Phase,5
"27817c02-def4-11ef-9101-0242ac120003",3,Pre phase ,5
"27817c02-def4-11ef-9101-0242ac120003",5,Post Phase,5
"27a4548e-dd73-11ef-8bc0-0242ac120003",3,Pre phase ,3
"27a4548e-dd73-11ef-8bc0-0242ac120003",5,Post Phase,3
"27a4548e-dd73-11ef-8bc0-0242ac120003",4,Intervention Phase,3
"2878de80-df02-11ef-9101-0242ac120003",5,Post Phase,4
"2878de80-df02-11ef-9101-0242ac120003",4,Intervention Phase,5
"2878de80-df02-11ef-9101-0242ac120003",3,Pre phase ,4
"288e5706-de3f-11ef-9325-0242ac120003",5,Post Phase,4
"288e5706-de3f-11ef-9325-0242ac120003",3,Pre phase ,4
"288e5706-de3f-11ef-9325-0242ac120003",4,Intervention Phase,5
"2aec1d94-dfd4-11ef-82d1-0242ac120003",5,Post Phase,4
"2aec1d94-dfd4-11ef-82d1-0242ac120003",3,Pre phase ,5
"2aec1d94-dfd4-11ef-82d1-0242ac120003",4,Intervention Phase,4
"2af4813c-de2b-11ef-a609-0242ac120003",5,Post Phase,4
"2af4813c-de2b-11ef-a609-0242ac120003",3,Pre phase ,4
"2af4813c-de2b-11ef-a609-0242ac120003",4,Intervention Phase,4
"2f6fed8a-def0-11ef-8bc0-0242ac120003",4,Intervention Phase,5
"2f6fed8a-def0-11ef-8bc0-0242ac120003",3,Pre phase ,5
"2f6fed8a-def0-11ef-8bc0-0242ac120003",5,Post Phase,5
"3099c3f6-df0a-11ef-8bc0-0242ac120003",4,Intervention Phase,4
"3099c3f6-df0a-11ef-8bc0-0242ac120003",5,Post Phase,3
"3099c3f6-df0a-11ef-8bc0-0242ac120003",3,Pre phase ,4
"311cf212-df14-11ef-a609-0242ac120003",5,Post Phase,4
"311cf212-df14-11ef-a609-0242ac120003",5,Post Phase,4
"311cf212-df14-11ef-a609-0242ac120003",5,Post Phase,4
"311cf212-df14-11ef-a609-0242ac120003",5,Post Phase,4
"311cf212-df14-11ef-a609-0242ac120003",5,Post Phase,4
"311cf212-df14-11ef-a609-0242ac120003",5,Post Phase,4
"311cf212-df14-11ef-a609-0242ac120003",5,Post Phase,4
"311cf212-df14-11ef-a609-0242ac120003",5,Post Phase,4
"311cf212-df14-11ef-a609-0242ac120003",5,Post Phase,4
"311cf212-df14-11ef-a609-0242ac120003",5,Post Phase,4
"311cf212-df14-11ef-a609-0242ac120003",5,Post Phase,4
"311cf212-df14-11ef-a609-0242ac120003",5,Post Phase,4
"311cf212-df14-11ef-a609-0242ac120003",4,Intervention Phase,4
"311cf212-df14-11ef-a609-0242ac120003",3,Pre phase ,4
"3153e32e-df02-11ef-9101-0242ac120003",4,Intervention Phase,4
"3153e32e-df02-11ef-9101-0242ac120003",5,Post Phase,4
"3153e32e-df02-11ef-9101-0242ac120003",3,Pre phase ,4
"32be0a6c-de2d-11ef-af32-0242ac120003",5,Post Phase,4
"32be0a6c-de2d-11ef-af32-0242ac120003",3,Pre phase ,4
"32be0a6c-de2d-11ef-af32-0242ac120003",4,Intervention Phase,5
"330a7900-dd5c-11ef-8bc0-0242ac120003",3,Pre phase ,5
"330a7900-dd5c-11ef-8bc0-0242ac120003",4,Intervention Phase,4
"330a7900-dd5c-11ef-8bc0-0242ac120003",5,Post Phase,4
"34596046-dee2-11ef-8bc0-0242ac120003",3,Pre phase ,4
"34596046-dee2-11ef-8bc0-0242ac120003",4,Intervention Phase,3
"34596046-dee2-11ef-8bc0-0242ac120003",5,Post Phase,3
"3465d48e-df0f-11ef-a8d9-0242ac120003",5,Post Phase,4
"3465d48e-df0f-11ef-a8d9-0242ac120003",4,Intervention Phase,4
"3465d48e-df0f-11ef-a8d9-0242ac120003",3,Pre phase ,3
"354cbf16-dd70-11ef-af32-0242ac120003",4,Intervention Phase,4
"354cbf16-dd70-11ef-af32-0242ac120003",3,Pre phase ,4
"354cbf16-dd70-11ef-af32-0242ac120003",5,Post Phase,4
"35c05290-dd4e-11ef-b02c-0242ac120003",4,Intervention Phase,3
"35c05290-dd4e-11ef-b02c-0242ac120003",5,Post Phase,4
"35c05290-dd4e-11ef-b02c-0242ac120003",3,Pre phase ,4
"366acf1e-dfaa-11ef-af32-0242ac120003",3,Pre phase ,4
"366acf1e-dfaa-11ef-af32-0242ac120003",4,Intervention Phase,4
"366acf1e-dfaa-11ef-af32-0242ac120003",5,Post Phase,4
"36f687ac-df05-11ef-9101-0242ac120003",4,Intervention Phase,5
"36f687ac-df05-11ef-9101-0242ac120003",5,Post Phase,3
"36f687ac-df05-11ef-9101-0242ac120003",3,Pre phase ,4
"36fe7688-def1-11ef-af32-0242ac120003",3,Pre phase ,4
"36fe7688-def1-11ef-af32-0242ac120003",4,Intervention Phase,4
"36fe7688-def1-11ef-af32-0242ac120003",5,Post Phase,3
"37b3ac7c-deee-11ef-9325-0242ac120003",3,Pre phase ,5
"37b3ac7c-deee-11ef-9325-0242ac120003",4,Intervention Phase,3
"37b3ac7c-deee-11ef-9325-0242ac120003",5,Post Phase,4
"3968c976-defd-11ef-9101-0242ac120003",4,Intervention Phase,4
"3968c976-defd-11ef-9101-0242ac120003",5,Post Phase,3
"3968c976-defd-11ef-9101-0242ac120003",3,Pre phase ,3
"3a9a9a40-de35-11ef-a609-0242ac120003",3,Pre phase ,4
"3a9a9a40-de35-11ef-a609-0242ac120003",5,Post Phase,4
"3a9a9a40-de35-11ef-a609-0242ac120003",4,Intervention Phase,3
"3ab02e36-df08-11ef-9325-0242ac120003",4,Intervention Phase,4
"3ab02e36-df08-11ef-9325-0242ac120003",3,Pre phase ,4
"3ab02e36-df08-11ef-9325-0242ac120003",5,Post Phase,4
"3b035c2c-dd79-11ef-8bc0-0242ac120003",5,Post Phase,5
"3b035c2c-dd79-11ef-8bc0-0242ac120003",4,Intervention Phase,5
"3b035c2c-dd79-11ef-8bc0-0242ac120003",3,Pre phase ,5
"3d0da92c-df00-11ef-8b3e-0242ac120003",3,Pre phase ,3
"3d0da92c-df00-11ef-8b3e-0242ac120003",4,Intervention Phase,3
"3d0da92c-df00-11ef-8b3e-0242ac120003",5,Post Phase,2
"3e5a4670-dfcb-11ef-9db1-0242ac120003",3,Pre phase ,3
"3e5a4670-dfcb-11ef-9db1-0242ac120003",5,Post Phase,4
"3e5a4670-dfcb-11ef-9db1-0242ac120003",4,Intervention Phase,4
"3f4eba46-dfbe-11ef-8bc0-0242ac120003",3,Pre phase ,5
"3f4eba46-dfbe-11ef-8bc0-0242ac120003",5,Post Phase,5
"3f4eba46-dfbe-11ef-8bc0-0242ac120003",4,Intervention Phase,5
"3ffc38c2-dd77-11ef-af32-0242ac120003",3,Pre phase ,3
"3ffc38c2-dd77-11ef-af32-0242ac120003",5,Post Phase,2
"3ffc38c2-dd77-11ef-af32-0242ac120003",4,Intervention Phase,4
"4030cde0-dd71-11ef-af32-0242ac120003",4,Intervention Phase,4
"4030cde0-dd71-11ef-af32-0242ac120003",5,Post Phase,4
"4030cde0-dd71-11ef-af32-0242ac120003",3,Pre phase ,4
"4054d2e4-dd4e-11ef-a609-0242ac120003",5,Post Phase,5
"4054d2e4-dd4e-11ef-a609-0242ac120003",4,Intervention Phase,5
"4054d2e4-dd4e-11ef-a609-0242ac120003",3,Pre phase ,4
"41424c86-dd6c-11ef-aae8-0242ac120003",5,Post Phase,5
"41424c86-dd6c-11ef-aae8-0242ac120003",3,Pre phase ,5
"41424c86-dd6c-11ef-aae8-0242ac120003",4,Intervention Phase,5
"420bf73a-dfaa-11ef-8b3e-0242ac120003",3,Pre phase ,4
"420bf73a-dfaa-11ef-8b3e-0242ac120003",5,Post Phase,4
"420bf73a-dfaa-11ef-8b3e-0242ac120003",4,Intervention Phase,4
"423062c2-dd62-11ef-8b3e-0242ac120003",5,Post Phase,4
"423062c2-dd62-11ef-8b3e-0242ac120003",3,Pre phase ,4
"423062c2-dd62-11ef-8b3e-0242ac120003",4,Intervention Phase,4
"4247c4d6-dd75-11ef-af32-0242ac120003",3,Pre phase ,4
"4247c4d6-dd75-11ef-af32-0242ac120003",4,Intervention Phase,3
"4247c4d6-dd75-11ef-af32-0242ac120003",5,Post Phase,4
"430561a0-dfb7-11ef-a609-0242ac120003",4,Intervention Phase,5
"430561a0-dfb7-11ef-a609-0242ac120003",3,Pre phase ,5
"430561a0-dfb7-11ef-a609-0242ac120003",5,Post Phase,5
"44034252-de36-11ef-af32-0242ac120003",4,Intervention Phase,3
"44034252-de36-11ef-af32-0242ac120003",5,Post Phase,3
"44034252-de36-11ef-af32-0242ac120003",3,Pre phase ,3
"442de880-de2d-11ef-af32-0242ac120003",5,Post Phase,4
"442de880-de2d-11ef-af32-0242ac120003",4,Intervention Phase,4
"442de880-de2d-11ef-af32-0242ac120003",3,Pre phase ,4
"4548290c-dd64-11ef-8bc0-0242ac120003",3,Pre phase ,4
"4548290c-dd64-11ef-8bc0-0242ac120003",4,Intervention Phase,5
"4548290c-dd64-11ef-8bc0-0242ac120003",5,Post Phase,3
"45505f24-de30-11ef-8b3e-0242ac120003",4,Intervention Phase,5
"45505f24-de30-11ef-8b3e-0242ac120003",5,Post Phase,5
"45505f24-de30-11ef-8b3e-0242ac120003",3,Pre phase ,4
"46dee640-dfab-11ef-af32-0242ac120003",4,Intervention Phase,3
"46dee640-dfab-11ef-af32-0242ac120003",5,Post Phase,4
"46dee640-dfab-11ef-af32-0242ac120003",3,Pre phase ,3
"47a30c1c-df03-11ef-8b3e-0242ac120003",3,Pre phase ,4
"47a30c1c-df03-11ef-8b3e-0242ac120003",5,Post Phase,3
"47a30c1c-df03-11ef-8b3e-0242ac120003",4,Intervention Phase,3
"4851a244-de32-11ef-af32-0242ac120003",3,Pre phase ,4
"4851a244-de32-11ef-af32-0242ac120003",4,Intervention Phase,5
"4851a244-de32-11ef-af32-0242ac120003",5,Post Phase,5
"4857c2a6-df03-11ef-af32-0242ac120003",4,Intervention Phase,5
"4857c2a6-df03-11ef-af32-0242ac120003",3,Pre phase ,5
"4857c2a6-df03-11ef-af32-0242ac120003",5,Post Phase,5
"485fcad8-dfc5-11ef-8bc0-0242ac120003",3,Pre phase ,4
"485fcad8-dfc5-11ef-8bc0-0242ac120003",4,Intervention Phase,4
"485fcad8-dfc5-11ef-8bc0-0242ac120003",5,Post Phase,4
"490e02b4-de22-11ef-9101-0242ac120003",5,Post Phase,4
"490e02b4-de22-11ef-9101-0242ac120003",4,Intervention Phase,4
"490e02b4-de22-11ef-9101-0242ac120003",3,Pre phase ,4
"49649c54-de1e-11ef-aae8-0242ac120003",4,Intervention Phase,5
"49649c54-de1e-11ef-aae8-0242ac120003",5,Post Phase,4
"49649c54-de1e-11ef-aae8-0242ac120003",3,Pre phase ,4
"49ac2680-dd53-11ef-b02c-0242ac120003",4,Intervention Phase,4
"49ac2680-dd53-11ef-b02c-0242ac120003",3,Pre phase ,4
"49ac2680-dd53-11ef-b02c-0242ac120003",5,Post Phase,4
"4a8891ca-de1a-11ef-a8d9-0242ac120003",4,Intervention Phase,5
"4a8891ca-de1a-11ef-a8d9-0242ac120003",3,Pre phase ,5
"4a8891ca-de1a-11ef-a8d9-0242ac120003",5,Post Phase,5
"4ae26796-dfd1-11ef-9325-0242ac120003",4,Intervention Phase,4
"4ae26796-dfd1-11ef-9325-0242ac120003",3,Pre phase ,3
"4ae26796-dfd1-11ef-9325-0242ac120003",5,Post Phase,4
"4ae84810-dd78-11ef-b02c-0242ac120003",3,Pre phase ,3
"4ae84810-dd78-11ef-b02c-0242ac120003",4,Intervention Phase,2
"4ae84810-dd78-11ef-b02c-0242ac120003",5,Post Phase,2
"4af1d6ce-deda-11ef-943e-0242ac120003",4,Intervention Phase,4
"4af1d6ce-deda-11ef-943e-0242ac120003",3,Pre phase ,4
"4b1a102e-deeb-11ef-9101-0242ac120003",4,Intervention Phase,5
"4b1a102e-deeb-11ef-9101-0242ac120003",5,Post Phase,5
"4b1a102e-deeb-11ef-9101-0242ac120003",3,Pre phase ,5
"4d5003f2-de3d-11ef-9101-0242ac120003",5,Post Phase,3
"4d5003f2-de3d-11ef-9101-0242ac120003",3,Pre phase ,3
"4d5003f2-de3d-11ef-9101-0242ac120003",4,Intervention Phase,3
"4d551a1a-dd55-11ef-8bc0-0242ac120003",5,Post Phase,4
"4d551a1a-dd55-11ef-8bc0-0242ac120003",4,Intervention Phase,4
"4d551a1a-dd55-11ef-8bc0-0242ac120003",3,Pre phase ,3
"4d59c208-deeb-11ef-82d1-0242ac120003",3,Pre phase ,4
"4d59c208-deeb-11ef-82d1-0242ac120003",5,Post Phase,4
"4d59c208-deeb-11ef-82d1-0242ac120003",4,Intervention Phase,4
"4e674b1a-dd7a-11ef-943e-0242ac120003",4,Intervention Phase,5
"4e674b1a-dd7a-11ef-943e-0242ac120003",3,Pre phase ,5
"4e674b1a-dd7a-11ef-943e-0242ac120003",5,Post Phase,4
"4eaad07a-dd51-11ef-a015-0242ac120003",5,Post Phase,4
"4eaad07a-dd51-11ef-a015-0242ac120003",4,Intervention Phase,4
"4eaad07a-dd51-11ef-a015-0242ac120003",3,Pre phase ,4
"4f1134fc-dfb1-11ef-af32-0242ac120003",5,Post Phase,5
"4f1134fc-dfb1-11ef-af32-0242ac120003",4,Intervention Phase,4
"4f1134fc-dfb1-11ef-af32-0242ac120003",3,Pre phase ,4
"50aa8538-de36-11ef-b02c-0242ac120003",5,Post Phase,3
"50aa8538-de36-11ef-b02c-0242ac120003",3,Pre phase ,3
"50aa8538-de36-11ef-b02c-0242ac120003",4,Intervention Phase,3
"50aede6c-dfbc-11ef-9101-0242ac120003",3,Pre phase ,4
"50aede6c-dfbc-11ef-9101-0242ac120003",4,Intervention Phase,4
"50aede6c-dfbc-11ef-9101-0242ac120003",5,Post Phase,5
"50c88592-dd64-11ef-9101-0242ac120003",3,Pre phase ,3
"50c88592-dd64-11ef-9101-0242ac120003",5,Post Phase,3
"50c88592-dd64-11ef-9101-0242ac120003",4,Intervention Phase,3
"50d27384-dfb4-11ef-af32-0242ac120003",5,Post Phase,5
"50d27384-dfb4-11ef-af32-0242ac120003",3,Pre phase ,4
"50d27384-dfb4-11ef-af32-0242ac120003",4,Intervention Phase,4
"50e24a6c-dee1-11ef-a8d9-0242ac120003",4,Intervention Phase,3
"50e24a6c-dee1-11ef-a8d9-0242ac120003",3,Pre phase ,3
"50e24a6c-dee1-11ef-a8d9-0242ac120003",5,Post Phase,3
"513ed73c-de32-11ef-b02c-0242ac120003",5,Post Phase,4
"513ed73c-de32-11ef-b02c-0242ac120003",3,Pre phase ,3
"513ed73c-de32-11ef-b02c-0242ac120003",4,Intervention Phase,4
"524914c0-def6-11ef-8bc0-0242ac120003",3,Pre phase ,4
"524914c0-def6-11ef-8bc0-0242ac120003",5,Post Phase,5
"524914c0-def6-11ef-8bc0-0242ac120003",4,Intervention Phase,4
"541e5700-dd76-11ef-b02c-0242ac120003",3,Pre phase ,4
"541e5700-dd76-11ef-b02c-0242ac120003",5,Post Phase,4
"541e5700-dd76-11ef-b02c-0242ac120003",4,Intervention Phase,4
"54a2ae22-def9-11ef-8b3e-0242ac120003",3,Pre phase ,5
"54a2ae22-def9-11ef-8b3e-0242ac120003",5,Post Phase,5
"54a2ae22-def9-11ef-8b3e-0242ac120003",4,Intervention Phase,5
"559825ac-dd4e-11ef-b02c-0242ac120003",3,Pre phase ,4
"559825ac-dd4e-11ef-b02c-0242ac120003",5,Post Phase,4
"559825ac-dd4e-11ef-b02c-0242ac120003",4,Intervention Phase,3
"55cb0be0-dfcc-11ef-9325-0242ac120003",5,Post Phase,3
"55cb0be0-dfcc-11ef-9325-0242ac120003",3,Pre phase ,4
"55cb0be0-dfcc-11ef-9325-0242ac120003",4,Intervention Phase,4
"55cc0d64-dfd2-11ef-a609-0242ac120003",3,Pre phase ,4
"55cc0d64-dfd2-11ef-a609-0242ac120003",4,Intervention Phase,4
"55cc0d64-dfd2-11ef-a609-0242ac120003",5,Post Phase,4
"560af3de-dee8-11ef-9db1-0242ac120003",4,Intervention Phase,5
"560af3de-dee8-11ef-9db1-0242ac120003",3,Pre phase ,5
"560af3de-dee8-11ef-9db1-0242ac120003",5,Post Phase,4
"5671265c-de22-11ef-9101-0242ac120003",3,Pre phase ,2
"5671265c-de22-11ef-9101-0242ac120003",5,Post Phase,1
"5671265c-de22-11ef-9101-0242ac120003",4,Intervention Phase,2
"56860844-dfb0-11ef-858d-0242ac120003",4,Intervention Phase,5
"56860844-dfb0-11ef-858d-0242ac120003",5,Post Phase,5
"56860844-dfb0-11ef-858d-0242ac120003",3,Pre phase ,5
"56b015c6-dd4e-11ef-a609-0242ac120003",4,Intervention Phase,4
"56b015c6-dd4e-11ef-a609-0242ac120003",5,Post Phase,4
"56b015c6-dd4e-11ef-a609-0242ac120003",3,Pre phase ,4
"56f63646-dd6c-11ef-a609-0242ac120003",4,Intervention Phase,4
"56f63646-dd6c-11ef-a609-0242ac120003",5,Post Phase,4
"56f63646-dd6c-11ef-a609-0242ac120003",3,Pre phase ,4
"57a5a380-df09-11ef-9101-0242ac120003",4,Intervention Phase,4
"57a5a380-df09-11ef-9101-0242ac120003",5,Post Phase,4
"57a5a380-df09-11ef-9101-0242ac120003",3,Pre phase ,4
"57d9d1f4-dfaa-11ef-9101-0242ac120003",5,Post Phase,5
"57d9d1f4-dfaa-11ef-9101-0242ac120003",4,Intervention Phase,5
"57d9d1f4-dfaa-11ef-9101-0242ac120003",3,Pre phase ,5
"58b4641c-dfce-11ef-82d1-0242ac120003",3,Pre phase ,4
"58b4641c-dfce-11ef-82d1-0242ac120003",4,Intervention Phase,5
"58b4641c-dfce-11ef-82d1-0242ac120003",5,Post Phase,4
"595f94fe-df0b-11ef-8bc0-0242ac120003",3,Pre phase ,4
"595f94fe-df0b-11ef-8bc0-0242ac120003",5,Post Phase,5
"595f94fe-df0b-11ef-8bc0-0242ac120003",4,Intervention Phase,4
"59faa2f4-dd5e-11ef-8b3e-0242ac120003",3,Pre phase ,5
"59faa2f4-dd5e-11ef-8b3e-0242ac120003",5,Post Phase,5
"59faa2f4-dd5e-11ef-8b3e-0242ac120003",4,Intervention Phase,5
"5a5a0bfa-dd71-11ef-82d1-0242ac120003",4,Intervention Phase,5
"5a5a0bfa-dd71-11ef-82d1-0242ac120003",5,Post Phase,5
"5a5a0bfa-dd71-11ef-82d1-0242ac120003",3,Pre phase ,4
"5ab2a0fc-dfbb-11ef-8bc0-0242ac120003",5,Post Phase,4
"5ab2a0fc-dfbb-11ef-8bc0-0242ac120003",4,Intervention Phase,4
"5ab2a0fc-dfbb-11ef-8bc0-0242ac120003",3,Pre phase ,4
"5abafba4-dd58-11ef-9101-0242ac120003",5,Post Phase,4
"5abafba4-dd58-11ef-9101-0242ac120003",4,Intervention Phase,4
"5abafba4-dd58-11ef-9101-0242ac120003",3,Pre phase ,4
"5ad085ca-de1e-11ef-aae8-0242ac120003",4,Intervention Phase,5
"5ad085ca-de1e-11ef-aae8-0242ac120003",5,Post Phase,4
"5ad085ca-de1e-11ef-aae8-0242ac120003",3,Pre phase ,5
"5dda7a4c-de27-11ef-8bc0-0242ac120003",3,Pre phase ,4
"5dda7a4c-de27-11ef-8bc0-0242ac120003",5,Post Phase,4
"5dda7a4c-de27-11ef-8bc0-0242ac120003",4,Intervention Phase,4
"5e1f11c4-deeb-11ef-9101-0242ac120003",5,Post Phase,4
"5e1f11c4-deeb-11ef-9101-0242ac120003",3,Pre phase ,5
"5e1f11c4-deeb-11ef-9101-0242ac120003",4,Intervention Phase,3
"5ece4550-df0d-11ef-a8d9-0242ac120003",3,Pre phase ,3
"5ece4550-df0d-11ef-a8d9-0242ac120003",4,Intervention Phase,3
"5ece4550-df0d-11ef-a8d9-0242ac120003",5,Post Phase,3
"60b47118-de1e-11ef-a8d9-0242ac120003",4,Intervention Phase,5
"60b47118-de1e-11ef-a8d9-0242ac120003",3,Pre phase ,5
"60b47118-de1e-11ef-a8d9-0242ac120003",5,Post Phase,5
"612393ec-dd63-11ef-8b3e-0242ac120003",4,Intervention Phase,4
"612393ec-dd63-11ef-8b3e-0242ac120003",5,Post Phase,5
"612393ec-dd63-11ef-8b3e-0242ac120003",3,Pre phase ,4
"61f4c7b0-defc-11ef-9db1-0242ac120003",3,Pre phase ,2
"61f4c7b0-defc-11ef-9db1-0242ac120003",5,Post Phase,3
"61f4c7b0-defc-11ef-9db1-0242ac120003",4,Intervention Phase,3
"6263251e-de27-11ef-a87b-0242ac120003",3,Pre phase ,4
"6263251e-de27-11ef-a87b-0242ac120003",5,Post Phase,4
"6263251e-de27-11ef-a87b-0242ac120003",4,Intervention Phase,4
"629200e2-de2b-11ef-9101-0242ac120003",3,Pre phase ,5
"629200e2-de2b-11ef-9101-0242ac120003",5,Post Phase,4
"629200e2-de2b-11ef-9101-0242ac120003",4,Intervention Phase,4
"63d6c186-dd77-11ef-8bc0-0242ac120003",5,Post Phase,3
"63d6c186-dd77-11ef-8bc0-0242ac120003",3,Pre phase ,4
"63d6c186-dd77-11ef-8bc0-0242ac120003",4,Intervention Phase,5
"63ffbb90-dfc0-11ef-af32-0242ac120003",3,Pre phase ,4
"63ffbb90-dfc0-11ef-af32-0242ac120003",4,Intervention Phase,4
"63ffbb90-dfc0-11ef-af32-0242ac120003",5,Post Phase,5
"64111c22-dfbc-11ef-8bc0-0242ac120003",4,Intervention Phase,5
"64111c22-dfbc-11ef-8bc0-0242ac120003",3,Pre phase ,5
"64111c22-dfbc-11ef-8bc0-0242ac120003",5,Post Phase,5
"645a8222-dd78-11ef-8bc0-0242ac120003",3,Pre phase ,1
"645a8222-dd78-11ef-8bc0-0242ac120003",4,Intervention Phase,1
"645a8222-dd78-11ef-8bc0-0242ac120003",5,Post Phase,2
"647896aa-dd54-11ef-af32-0242ac120003",4,Intervention Phase,4
"647896aa-dd54-11ef-af32-0242ac120003",3,Pre phase ,4
"647896aa-dd54-11ef-af32-0242ac120003",5,Post Phase,4
"65224896-de3d-11ef-9101-0242ac120003",5,Post Phase,4
"65224896-de3d-11ef-9101-0242ac120003",3,Pre phase ,4
"65224896-de3d-11ef-9101-0242ac120003",4,Intervention Phase,4
"657a6e7e-de18-11ef-a8d9-0242ac120003",3,Pre phase ,3
"657a6e7e-de18-11ef-a8d9-0242ac120003",4,Intervention Phase,3
"657a6e7e-de18-11ef-a8d9-0242ac120003",5,Post Phase,3
"6668deba-de31-11ef-a609-0242ac120003",5,Post Phase,5
"6668deba-de31-11ef-a609-0242ac120003",4,Intervention Phase,5
"6668deba-de31-11ef-a609-0242ac120003",3,Pre phase ,5
"66db4c5c-de31-11ef-8bc0-0242ac120003",5,Post Phase,4
"66db4c5c-de31-11ef-8bc0-0242ac120003",4,Intervention Phase,4
"66db4c5c-de31-11ef-8bc0-0242ac120003",3,Pre phase ,4
"68714124-dd6a-11ef-943e-0242ac120003",3,Pre phase ,4
"68714124-dd6a-11ef-943e-0242ac120003",5,Post Phase,4
"68714124-dd6a-11ef-943e-0242ac120003",4,Intervention Phase,4
"6a52a7c2-dd5a-11ef-b02c-0242ac120003",5,Post Phase,4
"6a52a7c2-dd5a-11ef-b02c-0242ac120003",3,Pre phase ,3
"6a52a7c2-dd5a-11ef-b02c-0242ac120003",4,Intervention Phase,4
"6ab9082e-def8-11ef-9325-0242ac120003",4,Intervention Phase,4
"6ab9082e-def8-11ef-9325-0242ac120003",3,Pre phase ,4
"6ab9082e-def8-11ef-9325-0242ac120003",5,Post Phase,4
"6ab9082e-def8-11ef-9325-0242ac120003",3,Pre phase ,4
"6c02c3d4-de42-11ef-a8d9-0242ac120003",5,Post Phase,3
"6c02c3d4-de42-11ef-a8d9-0242ac120003",4,Intervention Phase,4
"6c02c3d4-de42-11ef-a8d9-0242ac120003",3,Pre phase ,3
"6d0882bc-dd77-11ef-af32-0242ac120003",4,Intervention Phase,4
"6d0882bc-dd77-11ef-af32-0242ac120003",5,Post Phase,4
"6d0882bc-dd77-11ef-af32-0242ac120003",3,Pre phase ,4
"6dd59262-de34-11ef-af32-0242ac120003",3,Pre phase ,4
"6dd59262-de34-11ef-af32-0242ac120003",5,Post Phase,4
"6dd59262-de34-11ef-af32-0242ac120003",4,Intervention Phase,4
"6de8be68-dd6d-11ef-b02c-0242ac120003",5,Post Phase,4
"6de8be68-dd6d-11ef-b02c-0242ac120003",3,Pre phase ,4
"6de8be68-dd6d-11ef-b02c-0242ac120003",4,Intervention Phase,4
"6e6583da-dd54-11ef-a609-0242ac120003",5,Post Phase,5
"6e6583da-dd54-11ef-a609-0242ac120003",3,Pre phase ,5
"6e6583da-dd54-11ef-a609-0242ac120003",4,Intervention Phase,5
"6eeebe02-dd77-11ef-af32-0242ac120003",3,Pre phase ,4
"6eeebe02-dd77-11ef-af32-0242ac120003",5,Post Phase,4
"6eeebe02-dd77-11ef-af32-0242ac120003",4,Intervention Phase,4
"6fb485b8-dd6a-11ef-af32-0242ac120003",5,Post Phase,4
"6fb485b8-dd6a-11ef-af32-0242ac120003",3,Pre phase ,5
"6fb485b8-dd6a-11ef-af32-0242ac120003",4,Intervention Phase,4
"702da028-dd61-11ef-8b3e-0242ac120003",4,Intervention Phase,4
"702da028-dd61-11ef-8b3e-0242ac120003",5,Post Phase,4
"702da028-dd61-11ef-8b3e-0242ac120003",3,Pre phase ,4
"711d1da4-df11-11ef-9325-0242ac120003",5,Post Phase,4
"711d1da4-df11-11ef-9325-0242ac120003",3,Pre phase ,4
"711d1da4-df11-11ef-9325-0242ac120003",4,Intervention Phase,4
"712e3a0a-dfcd-11ef-9325-0242ac120003",4,Intervention Phase,3
"712e3a0a-dfcd-11ef-9325-0242ac120003",5,Post Phase,3
"712e3a0a-dfcd-11ef-9325-0242ac120003",3,Pre phase ,3
"71f8cfb2-dd5d-11ef-8bc0-0242ac120003",3,Pre phase ,5
"71f8cfb2-dd5d-11ef-8bc0-0242ac120003",4,Intervention Phase,4
"71f8cfb2-dd5d-11ef-8bc0-0242ac120003",5,Post Phase,4
"7237e5e8-def3-11ef-b02c-0242ac120003",3,Pre phase ,3
"7237e5e8-def3-11ef-b02c-0242ac120003",4,Intervention Phase,4
"7237e5e8-def3-11ef-b02c-0242ac120003",5,Post Phase,4
"73516884-df28-11ef-82d1-0242ac120003",4,Intervention Phase,4
"73516884-df28-11ef-82d1-0242ac120003",3,Pre phase ,2
"7388e096-dd6d-11ef-a609-0242ac120003",3,Pre phase ,4
"7388e096-dd6d-11ef-a609-0242ac120003",5,Post Phase,4
"7388e096-dd6d-11ef-a609-0242ac120003",4,Intervention Phase,4
"758c7594-df00-11ef-82d1-0242ac120003",5,Post Phase,3
"758c7594-df00-11ef-82d1-0242ac120003",4,Intervention Phase,4
"758c7594-df00-11ef-82d1-0242ac120003",4,Intervention Phase,4
"758c7594-df00-11ef-82d1-0242ac120003",3,Pre phase ,3
"762d4a68-de2f-11ef-a8d9-0242ac120003",4,Intervention Phase,4
"762d4a68-de2f-11ef-a8d9-0242ac120003",3,Pre phase ,4
"762d4a68-de2f-11ef-a8d9-0242ac120003",5,Post Phase,4
"765b032e-de23-11ef-af32-0242ac120003",3,Pre phase ,3
"765b032e-de23-11ef-af32-0242ac120003",4,Intervention Phase,3
"765b032e-de23-11ef-af32-0242ac120003",5,Post Phase,3
"76ce9406-dfd1-11ef-9325-0242ac120003",4,Intervention Phase,4
"76ce9406-dfd1-11ef-9325-0242ac120003",3,Pre phase ,4
"76ce9406-dfd1-11ef-9325-0242ac120003",5,Post Phase,4
"773853fa-e33c-11ef-9325-0242ac120003",4,Intervention Phase,3
"773853fa-e33c-11ef-9325-0242ac120003",5,Post Phase,4
"773853fa-e33c-11ef-9325-0242ac120003",3,Pre phase ,4
"79d9aacc-dd7a-11ef-82d1-0242ac120003",3,Pre phase ,3
"79d9aacc-dd7a-11ef-82d1-0242ac120003",5,Post Phase,3
"79d9aacc-dd7a-11ef-82d1-0242ac120003",4,Intervention Phase,3
"7a16bd06-dfb2-11ef-82d1-0242ac120003",3,Pre phase ,4
"7a16bd06-dfb2-11ef-82d1-0242ac120003",4,Intervention Phase,4
"7a16bd06-dfb2-11ef-82d1-0242ac120003",5,Post Phase,4
"7aebc53c-de3b-11ef-9325-0242ac120003",5,Post Phase,4
"7aebc53c-de3b-11ef-9325-0242ac120003",3,Pre phase ,4
"7aebc53c-de3b-11ef-9325-0242ac120003",4,Intervention Phase,4
"7b30a122-de39-11ef-a609-0242ac120003",3,Pre phase ,4
"7b30a122-de39-11ef-a609-0242ac120003",5,Post Phase,4
"7b30a122-de39-11ef-a609-0242ac120003",4,Intervention Phase,4
"7bbf19fa-dfb2-11ef-9db1-0242ac120003",3,Pre phase ,5
"7bbf19fa-dfb2-11ef-9db1-0242ac120003",4,Intervention Phase,5
"7bbf19fa-dfb2-11ef-9db1-0242ac120003",5,Post Phase,4
"7dfb1e64-dfd3-11ef-af32-0242ac120003",4,Intervention Phase,4
"7dfb1e64-dfd3-11ef-af32-0242ac120003",5,Post Phase,4
"7dfb1e64-dfd3-11ef-af32-0242ac120003",3,Pre phase ,4
"7f4cb79a-dee4-11ef-9db1-0242ac120003",4,Intervention Phase,4
"7f4cb79a-dee4-11ef-9db1-0242ac120003",5,Post Phase,4
"7f4cb79a-dee4-11ef-9db1-0242ac120003",3,Pre phase ,4
"7fbca8a4-de38-11ef-af32-0242ac120003",3,Pre phase ,4
"7fbca8a4-de38-11ef-af32-0242ac120003",3,Pre phase ,4
"7fbca8a4-de38-11ef-af32-0242ac120003",4,Intervention Phase,4
"7fbca8a4-de38-11ef-af32-0242ac120003",3,Pre phase ,4
"7fbca8a4-de38-11ef-af32-0242ac120003",5,Post Phase,4
"82469cb0-de38-11ef-af32-0242ac120003",4,Intervention Phase,5
"82469cb0-de38-11ef-af32-0242ac120003",3,Pre phase ,5
"82469cb0-de38-11ef-af32-0242ac120003",5,Post Phase,5
"83abeb00-dd5c-11ef-8c13-0242ac120003",4,Intervention Phase,5
"83abeb00-dd5c-11ef-8c13-0242ac120003",3,Pre phase ,5
"83abeb00-dd5c-11ef-8c13-0242ac120003",5,Post Phase,5
"86bf6a56-df00-11ef-9101-0242ac120003",4,Intervention Phase,3
"86bf6a56-df00-11ef-9101-0242ac120003",5,Post Phase,4
"86bf6a56-df00-11ef-9101-0242ac120003",3,Pre phase ,4
"8791bf72-de17-11ef-af32-0242ac120003",4,Intervention Phase,4
"8791bf72-de17-11ef-af32-0242ac120003",5,Post Phase,3
"8791bf72-de17-11ef-af32-0242ac120003",3,Pre phase ,3
"87c4395e-dfd2-11ef-9325-0242ac120003",3,Pre phase ,2
"87c4395e-dfd2-11ef-9325-0242ac120003",4,Intervention Phase,2
"87c4395e-dfd2-11ef-9325-0242ac120003",5,Post Phase,2
"89018888-df0c-11ef-9325-0242ac120003",4,Intervention Phase,4
"89018888-df0c-11ef-9325-0242ac120003",3,Pre phase ,3
"89018888-df0c-11ef-9325-0242ac120003",5,Post Phase,4
"8a75d7d2-de1c-11ef-9077-0242ac120003",5,Post Phase,5
"8a75d7d2-de1c-11ef-9077-0242ac120003",3,Pre phase ,5
"8a75d7d2-de1c-11ef-9077-0242ac120003",4,Intervention Phase,5
"8aab9738-dfbf-11ef-8b3e-0242ac120003",3,Pre phase ,4
"8aab9738-dfbf-11ef-8b3e-0242ac120003",5,Post Phase,4
"8aab9738-dfbf-11ef-8b3e-0242ac120003",4,Intervention Phase,4
"8c56ee3c-df08-11ef-8bc0-0242ac120003",4,Intervention Phase,4
"8c56ee3c-df08-11ef-8bc0-0242ac120003",3,Pre phase ,4
"8c56ee3c-df08-11ef-8bc0-0242ac120003",5,Post Phase,4
"8d160988-dd65-11ef-b02c-0242ac120003",4,Intervention Phase,4
"8d160988-dd65-11ef-b02c-0242ac120003",3,Pre phase ,4
"8d160988-dd65-11ef-b02c-0242ac120003",5,Post Phase,5
"8eb43408-de47-11ef-9101-0242ac120003",3,Pre phase ,4
"8eb43408-de47-11ef-9101-0242ac120003",4,Intervention Phase,4
"8eb43408-de47-11ef-9101-0242ac120003",5,Post Phase,4
"8f1490b6-dfb7-11ef-9077-0242ac120003",5,Post Phase,5
"8f1490b6-dfb7-11ef-9077-0242ac120003",4,Intervention Phase,5
"8f1490b6-dfb7-11ef-9077-0242ac120003",3,Pre phase ,5
"8f8a2944-dfb6-11ef-8bc0-0242ac120003",5,Post Phase,4
"8f8a2944-dfb6-11ef-8bc0-0242ac120003",3,Pre phase ,4
"8f8a2944-dfb6-11ef-8bc0-0242ac120003",4,Intervention Phase,3
"9067b9fa-de33-11ef-8b3e-0242ac120003",3,Pre phase ,4
"9067b9fa-de33-11ef-8b3e-0242ac120003",4,Intervention Phase,4
"9067b9fa-de33-11ef-8b3e-0242ac120003",5,Post Phase,4
"9139484c-de3a-11ef-9325-0242ac120003",4,Intervention Phase,4
"9139484c-de3a-11ef-9325-0242ac120003",5,Post Phase,4
"9139484c-de3a-11ef-9325-0242ac120003",3,Pre phase ,3
"931e101e-dd60-11ef-b02c-0242ac120003",5,Post Phase,5
"931e101e-dd60-11ef-b02c-0242ac120003",3,Pre phase ,5
"931e101e-dd60-11ef-b02c-0242ac120003",4,Intervention Phase,5
"93257b0e-dfc9-11ef-9101-0242ac120003",4,Intervention Phase,5
"93257b0e-dfc9-11ef-9101-0242ac120003",5,Post Phase,5
"93257b0e-dfc9-11ef-9101-0242ac120003",3,Pre phase ,5
"9438128a-de17-11ef-af32-0242ac120003",4,Intervention Phase,4
"9438128a-de17-11ef-af32-0242ac120003",5,Post Phase,4
"9438128a-de17-11ef-af32-0242ac120003",3,Pre phase ,4
"959dd00a-de22-11ef-a609-0242ac120003",3,Pre phase ,2
"959dd00a-de22-11ef-a609-0242ac120003",5,Post Phase,1
"959dd00a-de22-11ef-a609-0242ac120003",4,Intervention Phase,2
"95f1ec96-def2-11ef-8b3e-0242ac120003",3,Pre phase ,4
"95f1ec96-def2-11ef-8b3e-0242ac120003",5,Post Phase,4
"95f1ec96-def2-11ef-8b3e-0242ac120003",4,Intervention Phase,5
"9772bfae-deee-11ef-9db1-0242ac120003",5,Post Phase,5
"9772bfae-deee-11ef-9db1-0242ac120003",3,Pre phase ,5
"9772bfae-deee-11ef-9db1-0242ac120003",4,Intervention Phase,5
"97f88d8c-de17-11ef-9101-0242ac120003",4,Intervention Phase,4
"97f88d8c-de17-11ef-9101-0242ac120003",5,Post Phase,5
"97f88d8c-de17-11ef-9101-0242ac120003",3,Pre phase ,5
"9916c904-e542-11ef-8b3e-0242ac120003",4,Intervention Phase,4
"9916c904-e542-11ef-8b3e-0242ac120003",5,Post Phase,4
"9916c904-e542-11ef-8b3e-0242ac120003",3,Pre phase ,5
"996fe4da-dfbb-11ef-a609-0242ac120003",3,Pre phase ,4
"996fe4da-dfbb-11ef-a609-0242ac120003",4,Intervention Phase,4
"996fe4da-dfbb-11ef-a609-0242ac120003",5,Post Phase,4
"99b8fea2-dd6a-11ef-b02c-0242ac120003",5,Post Phase,4
"99b8fea2-dd6a-11ef-b02c-0242ac120003",4,Intervention Phase,3
"99b8fea2-dd6a-11ef-b02c-0242ac120003",3,Pre phase ,3
"9a6a21f4-dee2-11ef-8bc0-0242ac120003",5,Post Phase,3
"9a6a21f4-dee2-11ef-8bc0-0242ac120003",3,Pre phase ,3
"9a6a21f4-dee2-11ef-8bc0-0242ac120003",4,Intervention Phase,3
"9a6c4758-df0b-11ef-9101-0242ac120003",3,Pre phase ,3
"9a6c4758-df0b-11ef-9101-0242ac120003",5,Post Phase,3
"9a6c4758-df0b-11ef-9101-0242ac120003",4,Intervention Phase,4
"9cd7725c-dee7-11ef-af32-0242ac120003",3,Pre phase ,4
"9cd7725c-dee7-11ef-af32-0242ac120003",5,Post Phase,5
"9cd7725c-dee7-11ef-af32-0242ac120003",4,Intervention Phase,4
"9d4308f8-dfcf-11ef-8bc0-0242ac120003",4,Intervention Phase,4
"9d4308f8-dfcf-11ef-8bc0-0242ac120003",3,Pre phase ,3
"9d4308f8-dfcf-11ef-8bc0-0242ac120003",5,Post Phase,3
"9dd4a6e8-de42-11ef-a609-0242ac120003",4,Intervention Phase,4
"9dd4a6e8-de42-11ef-a609-0242ac120003",5,Post Phase,4
"9dd4a6e8-de42-11ef-a609-0242ac120003",3,Pre phase ,4
"9ddfd736-dfb7-11ef-af32-0242ac120003",3,Pre phase ,4
"9ddfd736-dfb7-11ef-af32-0242ac120003",5,Post Phase,4
"9ddfd736-dfb7-11ef-af32-0242ac120003",4,Intervention Phase,5
"9f20d422-de1a-11ef-af32-0242ac120003",3,Pre phase ,3
"9f20d422-de1a-11ef-af32-0242ac120003",5,Post Phase,3
"9f20d422-de1a-11ef-af32-0242ac120003",4,Intervention Phase,3
"9f5165e2-dd7a-11ef-b02c-0242ac120003",3,Pre phase ,4
"9f5165e2-dd7a-11ef-b02c-0242ac120003",4,Intervention Phase,4
"9f5165e2-dd7a-11ef-b02c-0242ac120003",5,Post Phase,4
"9f823f42-de41-11ef-aae8-0242ac120003",4,Intervention Phase,4
"9f823f42-de41-11ef-aae8-0242ac120003",3,Pre phase ,4
"9f823f42-de41-11ef-aae8-0242ac120003",5,Post Phase,4
a097b2ec-dd63-11ef-8b3e-0242ac120003,5,Post Phase,5
a097b2ec-dd63-11ef-8b3e-0242ac120003,4,Intervention Phase,5
a097b2ec-dd63-11ef-8b3e-0242ac120003,3,Pre phase ,4
a0e5aec6-de43-11ef-9101-0242ac120003,3,Pre phase ,3
a0e5aec6-de43-11ef-9101-0242ac120003,4,Intervention Phase,3
a0e5aec6-de43-11ef-9101-0242ac120003,5,Post Phase,3
a0ec5f1e-dee8-11ef-9325-0242ac120003,3,Pre phase ,4
a0ec5f1e-dee8-11ef-9325-0242ac120003,4,Intervention Phase,4
a0ec5f1e-dee8-11ef-9325-0242ac120003,5,Post Phase,4
a1280a94-dee5-11ef-9db1-0242ac120003,3,Pre phase ,4
a1280a94-dee5-11ef-9db1-0242ac120003,4,Intervention Phase,4
a1280a94-dee5-11ef-9db1-0242ac120003,5,Post Phase,4
a13e7534-de42-11ef-82d1-0242ac120003,5,Post Phase,4
a13e7534-de42-11ef-82d1-0242ac120003,4,Intervention Phase,5
a13e7534-de42-11ef-82d1-0242ac120003,3,Pre phase ,5
a178e484-dd5d-11ef-b02c-0242ac120003,3,Pre phase ,4
a178e484-dd5d-11ef-b02c-0242ac120003,5,Post Phase,4
a178e484-dd5d-11ef-b02c-0242ac120003,4,Intervention Phase,4
a2c573ba-de17-11ef-af32-0242ac120003,4,Intervention Phase,3
a2c573ba-de17-11ef-af32-0242ac120003,3,Pre phase ,5
a2c573ba-de17-11ef-af32-0242ac120003,5,Post Phase,4
a37525e0-dfce-11ef-8bc0-0242ac120003,4,Intervention Phase,4
a37525e0-dfce-11ef-8bc0-0242ac120003,3,Pre phase ,4
a37525e0-dfce-11ef-8bc0-0242ac120003,5,Post Phase,4
a3761de6-de17-11ef-af32-0242ac120003,3,Pre phase ,5
a3761de6-de17-11ef-af32-0242ac120003,5,Post Phase,3
a3761de6-de17-11ef-af32-0242ac120003,4,Intervention Phase,3
a3f1dc28-de40-11ef-9101-0242ac120003,3,Pre phase ,2
a3f1dc28-de40-11ef-9101-0242ac120003,4,Intervention Phase,2
a3f1dc28-de40-11ef-9101-0242ac120003,5,Post Phase,2
a43dc546-de3d-11ef-b02c-0242ac120003,3,Pre phase ,5
a44a7b3a-de27-11ef-af32-0242ac120003,3,Pre phase ,5
a44a7b3a-de27-11ef-af32-0242ac120003,4,Intervention Phase,5
a44a7b3a-de27-11ef-af32-0242ac120003,5,Post Phase,5
a489c55a-dd65-11ef-8bc0-0242ac120003,5,Post Phase,4
a489c55a-dd65-11ef-8bc0-0242ac120003,4,Intervention Phase,4
a489c55a-dd65-11ef-8bc0-0242ac120003,3,Pre phase ,3
a4ea347e-de3e-11ef-9325-0242ac120003,3,Pre phase ,5
a4ea347e-de3e-11ef-9325-0242ac120003,4,Intervention Phase,4
a4ea347e-de3e-11ef-9325-0242ac120003,5,Post Phase,4
a503a412-de17-11ef-b02c-0242ac120003,3,Pre phase ,4
a503a412-de17-11ef-b02c-0242ac120003,4,Intervention Phase,3
a503a412-de17-11ef-b02c-0242ac120003,5,Post Phase,4
a5360bd2-de17-11ef-af32-0242ac120003,5,Post Phase,5
a5360bd2-de17-11ef-af32-0242ac120003,3,Pre phase ,5
a5360bd2-de17-11ef-af32-0242ac120003,4,Intervention Phase,5
a5360bd2-de17-11ef-af32-0242ac120003,4,Intervention Phase,5
a54d218e-df0f-11ef-9325-0242ac120003,4,Intervention Phase,4
a54d218e-df0f-11ef-9325-0242ac120003,3,Pre phase ,4
a54d218e-df0f-11ef-9325-0242ac120003,5,Post Phase,4
a5b41e0e-dfb7-11ef-b02c-0242ac120003,5,Post Phase,4
a5b41e0e-dfb7-11ef-b02c-0242ac120003,4,Intervention Phase,4
a5b41e0e-dfb7-11ef-b02c-0242ac120003,3,Pre phase ,5
a6c060aa-de22-11ef-8bc0-0242ac120003,3,Pre phase ,5
a6c060aa-de22-11ef-8bc0-0242ac120003,4,Intervention Phase,5
a6c060aa-de22-11ef-8bc0-0242ac120003,5,Post Phase,5
a8541e56-dd65-11ef-af32-0242ac120003,4,Intervention Phase,4
a8541e56-dd65-11ef-af32-0242ac120003,3,Pre phase ,4
a8541e56-dd65-11ef-af32-0242ac120003,5,Post Phase,4
a8a78d46-dd4e-11ef-9db1-0242ac120003,3,Pre phase ,5
a8a78d46-dd4e-11ef-9db1-0242ac120003,5,Post Phase,4
a8a78d46-dd4e-11ef-9db1-0242ac120003,4,Intervention Phase,4
a95f2864-de22-11ef-82d1-0242ac120003,3,Pre phase ,5
a95f2864-de22-11ef-82d1-0242ac120003,5,Post Phase,4
a95f2864-de22-11ef-82d1-0242ac120003,4,Intervention Phase,4
a98b4d3a-dfc2-11ef-8bc0-0242ac120003,4,Intervention Phase,4
a98b4d3a-dfc2-11ef-8bc0-0242ac120003,3,Pre phase ,4
a98b4d3a-dfc2-11ef-8bc0-0242ac120003,5,Post Phase,4
a9dc5ccc-dd77-11ef-9101-0242ac120003,4,Intervention Phase,4
a9dc5ccc-dd77-11ef-9101-0242ac120003,3,Pre phase ,3
a9dc5ccc-dd77-11ef-9101-0242ac120003,5,Post Phase,3
a9dc5ccc-dd77-11ef-9101-0242ac120003,3,Pre phase ,3
aa7f99d2-dd6d-11ef-8bc0-0242ac120003,3,Pre phase ,3
aa8a994c-df0f-11ef-9101-0242ac120003,3,Pre phase ,4
aa8a994c-df0f-11ef-9101-0242ac120003,5,Post Phase,4
aa8a994c-df0f-11ef-9101-0242ac120003,4,Intervention Phase,4
aac18c6a-dfc1-11ef-b02c-0242ac120003,3,Pre phase ,4
aac18c6a-dfc1-11ef-b02c-0242ac120003,5,Post Phase,4
aac18c6a-dfc1-11ef-b02c-0242ac120003,4,Intervention Phase,4
ab747846-de33-11ef-8bc0-0242ac120003,4,Intervention Phase,4
ab747846-de33-11ef-8bc0-0242ac120003,5,Post Phase,3
ab747846-de33-11ef-8bc0-0242ac120003,3,Pre phase ,4
ad0a5892-dfb9-11ef-af32-0242ac120003,4,Intervention Phase,4
ad0a5892-dfb9-11ef-af32-0242ac120003,3,Pre phase ,4
ad8a5a48-dfd1-11ef-8c13-0242ac120003,5,Post Phase,4
ad8a5a48-dfd1-11ef-8c13-0242ac120003,4,Intervention Phase,4
ad8a5a48-dfd1-11ef-8c13-0242ac120003,3,Pre phase ,4
adad627a-de2a-11ef-af32-0242ac120003,4,Intervention Phase,5
adad627a-de2a-11ef-af32-0242ac120003,5,Post Phase,5
adad627a-de2a-11ef-af32-0242ac120003,3,Pre phase ,5
ae402890-df00-11ef-9101-0242ac120003,3,Pre phase ,5
ae402890-df00-11ef-9101-0242ac120003,5,Post Phase,4
ae402890-df00-11ef-9101-0242ac120003,4,Intervention Phase,4
b1231084-de17-11ef-b02c-0242ac120003,5,Post Phase,4
b1231084-de17-11ef-b02c-0242ac120003,3,Pre phase ,4
b1231084-de17-11ef-b02c-0242ac120003,4,Intervention Phase,4
b157009e-de1f-11ef-8bc0-0242ac120003,5,Post Phase,4
b157009e-de1f-11ef-8bc0-0242ac120003,3,Pre phase ,3
b157009e-de1f-11ef-8bc0-0242ac120003,4,Intervention Phase,4
b1d1efea-dfc6-11ef-8bc0-0242ac120003,5,Post Phase,3
b1d1efea-dfc6-11ef-8bc0-0242ac120003,3,Pre phase ,3
b1d1efea-dfc6-11ef-8bc0-0242ac120003,4,Intervention Phase,3
b2b4e120-dd68-11ef-9101-0242ac120003,5,Post Phase,4
b2b4e120-dd68-11ef-9101-0242ac120003,4,Intervention Phase,4
b2b4e120-dd68-11ef-9101-0242ac120003,3,Pre phase ,4
b34e4ab8-e2e0-11ef-9325-0242ac120003,4,Intervention Phase,5
b34e4ab8-e2e0-11ef-9325-0242ac120003,3,Pre phase ,5
b34e4ab8-e2e0-11ef-9325-0242ac120003,5,Post Phase,5
b53ad774-de3a-11ef-82d1-0242ac120003,5,Post Phase,3
b53ad774-de3a-11ef-82d1-0242ac120003,4,Intervention Phase,3
b53ad774-de3a-11ef-82d1-0242ac120003,3,Pre phase ,3
b54bc88a-defe-11ef-a609-0242ac120003,4,Intervention Phase,5
b54bc88a-defe-11ef-a609-0242ac120003,5,Post Phase,5
b54bc88a-defe-11ef-a609-0242ac120003,3,Pre phase ,4
b5aaf260-dd78-11ef-9101-0242ac120003,3,Pre phase ,4
b5aaf260-dd78-11ef-9101-0242ac120003,4,Intervention Phase,4
b5aaf260-dd78-11ef-9101-0242ac120003,5,Post Phase,5
b68ac03e-df0d-11ef-b02c-0242ac120003,3,Pre phase ,4
b68ac03e-df0d-11ef-b02c-0242ac120003,4,Intervention Phase,4
b68ac03e-df0d-11ef-b02c-0242ac120003,5,Post Phase,4
b6a3d33a-dd73-11ef-8bc0-0242ac120003,5,Post Phase,4
b6a3d33a-dd73-11ef-8bc0-0242ac120003,4,Intervention Phase,4
b6a3d33a-dd73-11ef-8bc0-0242ac120003,3,Pre phase ,4
b7bef22e-dd53-11ef-8bc0-0242ac120003,5,Post Phase,4
b7bef22e-dd53-11ef-8bc0-0242ac120003,3,Pre phase ,4
b7bef22e-dd53-11ef-8bc0-0242ac120003,4,Intervention Phase,3
b9b42218-dfbd-11ef-9db1-0242ac120003,3,Pre phase ,4
b9b42218-dfbd-11ef-9db1-0242ac120003,4,Intervention Phase,4
b9b42218-dfbd-11ef-9db1-0242ac120003,5,Post Phase,4
b9eae942-e3be-11ef-8bc0-0242ac120003,3,Pre phase ,1
b9fad9e8-de22-11ef-82d1-0242ac120003,3,Pre phase ,5
b9fad9e8-de22-11ef-82d1-0242ac120003,5,Post Phase,4
b9fad9e8-de22-11ef-82d1-0242ac120003,4,Intervention Phase,4
bc95e070-dfc2-11ef-8b3e-0242ac120003,3,Pre phase ,3
bc95e070-dfc2-11ef-8b3e-0242ac120003,4,Intervention Phase,3
bc95e070-dfc2-11ef-8b3e-0242ac120003,5,Post Phase,3
bd67f612-dfce-11ef-a567-0242ac120003,4,Intervention Phase,4
bd67f612-dfce-11ef-a567-0242ac120003,3,Pre phase ,3
bd67f612-dfce-11ef-a567-0242ac120003,5,Post Phase,3
bdb57994-dee0-11ef-943e-0242ac120003,3,Pre phase ,4
bdb57994-dee0-11ef-943e-0242ac120003,5,Post Phase,4
bdb57994-dee0-11ef-943e-0242ac120003,4,Intervention Phase,3
be18c084-dd56-11ef-b02c-0242ac120003,3,Pre phase ,4
be18c084-dd56-11ef-b02c-0242ac120003,5,Post Phase,4
be18c084-dd56-11ef-b02c-0242ac120003,4,Intervention Phase,4
c0509426-dd74-11ef-82d1-0242ac120003,4,Intervention Phase,3
c0509426-dd74-11ef-82d1-0242ac120003,5,Post Phase,3
c0509426-dd74-11ef-82d1-0242ac120003,3,Pre phase ,3
c056078e-df0a-11ef-8bc0-0242ac120003,3,Pre phase ,3
c056078e-df0a-11ef-8bc0-0242ac120003,5,Post Phase,3
c056078e-df0a-11ef-8bc0-0242ac120003,4,Intervention Phase,3
c1b384c2-dd74-11ef-b02c-0242ac120003,5,Post Phase,3
c1b384c2-dd74-11ef-b02c-0242ac120003,3,Pre phase ,4
c1b384c2-dd74-11ef-b02c-0242ac120003,4,Intervention Phase,4
c5e7976e-dfd5-11ef-af32-0242ac120003,3,Pre phase ,4
c5e7976e-dfd5-11ef-af32-0242ac120003,5,Post Phase,3
c5e7976e-dfd5-11ef-af32-0242ac120003,4,Intervention Phase,4
c6982702-dd5d-11ef-af32-0242ac120003,3,Pre phase ,5
c6982702-dd5d-11ef-af32-0242ac120003,5,Post Phase,5
c6982702-dd5d-11ef-af32-0242ac120003,4,Intervention Phase,5
c7cff978-def8-11ef-b02c-0242ac120003,5,Post Phase,4
c7cff978-def8-11ef-b02c-0242ac120003,4,Intervention Phase,4
c7cff978-def8-11ef-b02c-0242ac120003,3,Pre phase ,3
c8059d4c-dd6f-11ef-b02c-0242ac120003,5,Post Phase,4
c8059d4c-dd6f-11ef-b02c-0242ac120003,4,Intervention Phase,4
c8059d4c-dd6f-11ef-b02c-0242ac120003,3,Pre phase ,5
c81eb1e2-de2d-11ef-9077-0242ac120003,5,Post Phase,3
c81eb1e2-de2d-11ef-9077-0242ac120003,4,Intervention Phase,4
c81eb1e2-de2d-11ef-9077-0242ac120003,3,Pre phase ,3
c86b24bc-de34-11ef-9101-0242ac120003,3,Pre phase ,3
c86b24bc-de34-11ef-9101-0242ac120003,5,Post Phase,4
c86b24bc-de34-11ef-9101-0242ac120003,4,Intervention Phase,4
c8e28680-dfae-11ef-aae8-0242ac120003,3,Pre phase ,5
c8e28680-dfae-11ef-aae8-0242ac120003,5,Post Phase,5
c8e28680-dfae-11ef-aae8-0242ac120003,4,Intervention Phase,5
c8e8554e-dee9-11ef-9325-0242ac120003,4,Intervention Phase,4
c8e8554e-dee9-11ef-9325-0242ac120003,3,Pre phase ,4
c8e8554e-dee9-11ef-9325-0242ac120003,5,Post Phase,4
c97dd0a8-dee7-11ef-9325-0242ac120003,4,Intervention Phase,3
c97dd0a8-dee7-11ef-9325-0242ac120003,5,Post Phase,4
c97dd0a8-dee7-11ef-9325-0242ac120003,3,Pre phase ,3
ca10f3fe-dd68-11ef-af32-0242ac120003,4,Intervention Phase,5
ca10f3fe-dd68-11ef-af32-0242ac120003,5,Post Phase,5
ca10f3fe-dd68-11ef-af32-0242ac120003,3,Pre phase ,5
ca3ee952-de1d-11ef-82d1-0242ac120003,4,Intervention Phase,4
ca3ee952-de1d-11ef-82d1-0242ac120003,3,Pre phase ,4
ca3ee952-de1d-11ef-82d1-0242ac120003,5,Post Phase,4
ca723602-dd52-11ef-a609-0242ac120003,3,Pre phase ,5
ca723602-dd52-11ef-a609-0242ac120003,5,Post Phase,4
ca723602-dd52-11ef-a609-0242ac120003,4,Intervention Phase,4
cb67e1ca-de28-11ef-b02c-0242ac120003,5,Post Phase,4
cb67e1ca-de28-11ef-b02c-0242ac120003,3,Pre phase ,4
cb67e1ca-de28-11ef-b02c-0242ac120003,4,Intervention Phase,4
cb8aa728-df04-11ef-af32-0242ac120003,4,Intervention Phase,5
cb8aa728-df04-11ef-af32-0242ac120003,5,Post Phase,5
cb8aa728-df04-11ef-af32-0242ac120003,3,Pre phase ,4
cc8c742e-dd4e-11ef-9101-0242ac120003,3,Pre phase ,4
cc8c742e-dd4e-11ef-9101-0242ac120003,5,Post Phase,4
cc8c742e-dd4e-11ef-9101-0242ac120003,4,Intervention Phase,5
cd05ffea-dfd5-11ef-8b3e-0242ac120003,5,Post Phase,4
cd05ffea-dfd5-11ef-8b3e-0242ac120003,3,Pre phase ,5
cd05ffea-dfd5-11ef-8b3e-0242ac120003,4,Intervention Phase,4
cd1b8bea-de3f-11ef-b02c-0242ac120003,4,Intervention Phase,3
cd1b8bea-de3f-11ef-b02c-0242ac120003,5,Post Phase,3
cd1b8bea-de3f-11ef-b02c-0242ac120003,3,Pre phase ,3
cd60d046-dee0-11ef-8bc0-0242ac120003,4,Intervention Phase,4
cd60d046-dee0-11ef-8bc0-0242ac120003,5,Post Phase,4
cd60d046-dee0-11ef-8bc0-0242ac120003,3,Pre phase ,4
cd824e2a-df07-11ef-9101-0242ac120003,4,Intervention Phase,4
cd824e2a-df07-11ef-9101-0242ac120003,5,Post Phase,4
cd824e2a-df07-11ef-9101-0242ac120003,3,Pre phase ,3
cf45130a-e542-11ef-b02c-0242ac120003,4,Intervention Phase,4
cf45130a-e542-11ef-b02c-0242ac120003,5,Post Phase,4
cf45130a-e542-11ef-b02c-0242ac120003,3,Pre phase ,4
cf45130a-e542-11ef-b02c-0242ac120003,3,Pre phase ,4
cf45130a-e542-11ef-b02c-0242ac120003,4,Intervention Phase,4
cf62df7e-dfcb-11ef-b02c-0242ac120003,3,Pre phase ,5
cf62df7e-dfcb-11ef-b02c-0242ac120003,4,Intervention Phase,5
cf62df7e-dfcb-11ef-b02c-0242ac120003,5,Post Phase,5
d0b65ccc-df10-11ef-8b3e-0242ac120003,3,Pre phase ,5
d0b65ccc-df10-11ef-8b3e-0242ac120003,4,Intervention Phase,5
d0b65ccc-df10-11ef-8b3e-0242ac120003,3,Pre phase ,5
d0b65ccc-df10-11ef-8b3e-0242ac120003,5,Post Phase,5
d17a8886-e2df-11ef-9325-0242ac120003,3,Pre phase ,3
d1ad20b4-dd73-11ef-9101-0242ac120003,5,Post Phase,4
d1ad20b4-dd73-11ef-9101-0242ac120003,3,Pre phase ,4
d1ad20b4-dd73-11ef-9101-0242ac120003,4,Intervention Phase,4
d2b4d5f0-dfa9-11ef-9101-0242ac120003,4,Intervention Phase,4
d2b4d5f0-dfa9-11ef-9101-0242ac120003,3,Pre phase ,4
d2b4d5f0-dfa9-11ef-9101-0242ac120003,5,Post Phase,5
d2c06912-dfca-11ef-9077-0242ac120003,3,Pre phase ,4
d2c06912-dfca-11ef-9077-0242ac120003,4,Intervention Phase,4
d2c06912-dfca-11ef-9077-0242ac120003,5,Post Phase,4
d2d31854-dfb2-11ef-a8d9-0242ac120003,3,Pre phase ,4
d2d31854-dfb2-11ef-a8d9-0242ac120003,5,Post Phase,4
d2d31854-dfb2-11ef-a8d9-0242ac120003,4,Intervention Phase,5
d342b32c-dfd4-11ef-9325-0242ac120003,4,Intervention Phase,4
d342b32c-dfd4-11ef-9325-0242ac120003,3,Pre phase ,4
d342b32c-dfd4-11ef-9325-0242ac120003,5,Post Phase,5
d3586a72-dfd0-11ef-af32-0242ac120003,4,Intervention Phase,4
d3586a72-dfd0-11ef-af32-0242ac120003,5,Post Phase,3
d3586a72-dfd0-11ef-af32-0242ac120003,3,Pre phase ,4
d37b4f92-de36-11ef-82d1-0242ac120003,5,Post Phase,5
d37b4f92-de36-11ef-82d1-0242ac120003,3,Pre phase ,5
d37b4f92-de36-11ef-82d1-0242ac120003,4,Intervention Phase,4
d474235a-dd6f-11ef-943e-0242ac120003,4,Intervention Phase,4
d474235a-dd6f-11ef-943e-0242ac120003,3,Pre phase ,4
d474235a-dd6f-11ef-943e-0242ac120003,5,Post Phase,4
d520f362-dd53-11ef-9101-0242ac120003,4,Intervention Phase,5
d520f362-dd53-11ef-9101-0242ac120003,3,Pre phase ,4
d520f362-dd53-11ef-9101-0242ac120003,5,Post Phase,5
d558d8e2-dee6-11ef-8bc0-0242ac120003,5,Post Phase,4
d558d8e2-dee6-11ef-8bc0-0242ac120003,4,Intervention Phase,5
d558d8e2-dee6-11ef-8bc0-0242ac120003,3,Pre phase ,5
d61f037c-de38-11ef-af32-0242ac120003,3,Pre phase ,4
d61f037c-de38-11ef-af32-0242ac120003,4,Intervention Phase,5
d61f037c-de38-11ef-af32-0242ac120003,5,Post Phase,5
d712f920-dfcb-11ef-9325-0242ac120003,3,Pre phase ,3
d712f920-dfcb-11ef-9325-0242ac120003,5,Post Phase,3
d712f920-dfcb-11ef-9325-0242ac120003,4,Intervention Phase,3
dc0d228a-dd72-11ef-a609-0242ac120003,5,Post Phase,4
dc0d228a-dd72-11ef-a609-0242ac120003,5,Post Phase,4
dc0d228a-dd72-11ef-a609-0242ac120003,4,Intervention Phase,4
dc0d228a-dd72-11ef-a609-0242ac120003,3,Pre phase ,4
dd7f0cc2-dd50-11ef-af32-0242ac120003,3,Pre phase ,4
dd7f0cc2-dd50-11ef-af32-0242ac120003,5,Post Phase,5
dd7f0cc2-dd50-11ef-af32-0242ac120003,4,Intervention Phase,4
dfe4ff70-dfae-11ef-8b3e-0242ac120003,4,Intervention Phase,5
dfe4ff70-dfae-11ef-8b3e-0242ac120003,5,Post Phase,5
dfe4ff70-dfae-11ef-8b3e-0242ac120003,3,Pre phase ,5
e0ff19b2-de24-11ef-8bc0-0242ac120003,4,Intervention Phase,4
e0ff19b2-de24-11ef-8bc0-0242ac120003,3,Pre phase ,3
e0ff19b2-de24-11ef-8bc0-0242ac120003,5,Post Phase,3
e175b744-dfbd-11ef-b02c-0242ac120003,5,Post Phase,4
e175b744-dfbd-11ef-b02c-0242ac120003,4,Intervention Phase,4
e175b744-dfbd-11ef-b02c-0242ac120003,3,Pre phase ,4
e2926b4e-df05-11ef-aae8-0242ac120003,4,Intervention Phase,5
e2926b4e-df05-11ef-aae8-0242ac120003,3,Pre phase ,4
e2926b4e-df05-11ef-aae8-0242ac120003,5,Post Phase,5
e29e4ca6-dd85-11ef-8bc0-0242ac120003,4,Intervention Phase,4
e29e4ca6-dd85-11ef-8bc0-0242ac120003,5,Post Phase,4
e29e4ca6-dd85-11ef-8bc0-0242ac120003,3,Pre phase ,5
e2ba8b96-de39-11ef-8bc0-0242ac120003,5,Post Phase,3
e2ba8b96-de39-11ef-8bc0-0242ac120003,3,Pre phase ,3
e2ba8b96-de39-11ef-8bc0-0242ac120003,4,Intervention Phase,4
e3fbe4da-defe-11ef-9325-0242ac120003,5,Post Phase,4
e3fbe4da-defe-11ef-9325-0242ac120003,3,Pre phase ,4
e3fbe4da-defe-11ef-9325-0242ac120003,4,Intervention Phase,4
e440d46a-def3-11ef-b02c-0242ac120003,4,Intervention Phase,4
e440d46a-def3-11ef-b02c-0242ac120003,3,Pre phase ,4
e440d46a-def3-11ef-b02c-0242ac120003,5,Post Phase,4
e445ca54-df04-11ef-8bc0-0242ac120003,5,Post Phase,5
e445ca54-df04-11ef-8bc0-0242ac120003,5,Post Phase,5
e445ca54-df04-11ef-8bc0-0242ac120003,3,Pre phase ,5
e445ca54-df04-11ef-8bc0-0242ac120003,4,Intervention Phase,5
e491165e-dfad-11ef-af32-0242ac120003,4,Intervention Phase,4
e491165e-dfad-11ef-af32-0242ac120003,5,Post Phase,4
e491165e-dfad-11ef-af32-0242ac120003,3,Pre phase ,4
e66761ce-dd62-11ef-af32-0242ac120003,3,Pre phase ,4
e66761ce-dd62-11ef-af32-0242ac120003,4,Intervention Phase,4
e66761ce-dd62-11ef-af32-0242ac120003,5,Post Phase,3
e70151ba-dd50-11ef-b02c-0242ac120003,5,Post Phase,5
e70151ba-dd50-11ef-b02c-0242ac120003,3,Pre phase ,5
e70151ba-dd50-11ef-b02c-0242ac120003,3,Pre phase ,5
e70151ba-dd50-11ef-b02c-0242ac120003,4,Intervention Phase,4
e71053ec-df10-11ef-9325-0242ac120003,4,Intervention Phase,4
e71053ec-df10-11ef-9325-0242ac120003,5,Post Phase,3
e71053ec-df10-11ef-9325-0242ac120003,3,Pre phase ,3
e72f0fcc-e45f-11ef-b02c-0242ac120003,3,Pre phase ,4
e72f0fcc-e45f-11ef-b02c-0242ac120003,5,Post Phase,4
e72f0fcc-e45f-11ef-b02c-0242ac120003,4,Intervention Phase,4
e7ebd056-dfc5-11ef-9101-0242ac120003,4,Intervention Phase,5
e7ebd056-dfc5-11ef-9101-0242ac120003,5,Post Phase,5
e7ebd056-dfc5-11ef-9101-0242ac120003,3,Pre phase ,5
e8aaea5a-deed-11ef-8b3e-0242ac120003,5,Post Phase,4
e8aaea5a-deed-11ef-8b3e-0242ac120003,4,Intervention Phase,4
e8aaea5a-deed-11ef-8b3e-0242ac120003,3,Pre phase ,4
e8d93414-de2f-11ef-82d1-0242ac120003,4,Intervention Phase,4
e8d93414-de2f-11ef-82d1-0242ac120003,5,Post Phase,4
e8d93414-de2f-11ef-82d1-0242ac120003,3,Pre phase ,4
e94548a4-e33c-11ef-a609-0242ac120003,3,Pre phase ,4
e94548a4-e33c-11ef-a609-0242ac120003,4,Intervention Phase,5
e94548a4-e33c-11ef-a609-0242ac120003,5,Post Phase,4
e9a79c4a-dfc5-11ef-9325-0242ac120003,5,Post Phase,3
e9a79c4a-dfc5-11ef-9325-0242ac120003,3,Pre phase ,3
e9a79c4a-dfc5-11ef-9325-0242ac120003,4,Intervention Phase,3
e9d92774-def3-11ef-9db1-0242ac120003,3,Pre phase ,5
e9d92774-def3-11ef-9db1-0242ac120003,4,Intervention Phase,5
e9d92774-def3-11ef-9db1-0242ac120003,5,Post Phase,5
ea1e1022-dd78-11ef-a609-0242ac120003,5,Post Phase,4
ea1e1022-dd78-11ef-a609-0242ac120003,3,Pre phase ,4
ea1e1022-dd78-11ef-a609-0242ac120003,4,Intervention Phase,4
ea24a17e-dfcd-11ef-b02c-0242ac120003,3,Pre phase ,4
ea24a17e-dfcd-11ef-b02c-0242ac120003,5,Post Phase,5
ea24a17e-dfcd-11ef-b02c-0242ac120003,4,Intervention Phase,4
ebca4914-df16-11ef-af32-0242ac120003,3,Pre phase ,4
ebca4914-df16-11ef-af32-0242ac120003,5,Post Phase,4
ebca4914-df16-11ef-af32-0242ac120003,4,Intervention Phase,4
ec07d6f2-de1d-11ef-8bc0-0242ac120003,4,Intervention Phase,4
ec07d6f2-de1d-11ef-8bc0-0242ac120003,5,Post Phase,4
ec07d6f2-de1d-11ef-8bc0-0242ac120003,3,Pre phase ,4
ec10fbc2-de3d-11ef-9325-0242ac120003,3,Pre phase ,5
ec10fbc2-de3d-11ef-9325-0242ac120003,4,Intervention Phase,4
ec10fbc2-de3d-11ef-9325-0242ac120003,5,Post Phase,5
ecb1136a-dd79-11ef-af32-0242ac120003,3,Pre phase ,5
ecb1136a-dd79-11ef-af32-0242ac120003,4,Intervention Phase,4
ecb1136a-dd79-11ef-af32-0242ac120003,5,Post Phase,5
ed0f3e7e-dee4-11ef-8bc0-0242ac120003,5,Post Phase,4
ed0f3e7e-dee4-11ef-8bc0-0242ac120003,3,Pre phase ,3
ed0f3e7e-dee4-11ef-8bc0-0242ac120003,4,Intervention Phase,4
edb85526-dee0-11ef-a609-0242ac120003,3,Pre phase ,5
edb85526-dee0-11ef-a609-0242ac120003,5,Post Phase,4
edb85526-dee0-11ef-a609-0242ac120003,4,Intervention Phase,4
ee38d348-dd6b-11ef-a609-0242ac120003,5,Post Phase,4
ee38d348-dd6b-11ef-a609-0242ac120003,3,Pre phase ,4
ee38d348-dd6b-11ef-a609-0242ac120003,4,Intervention Phase,4
ee633630-df03-11ef-8b3e-0242ac120003,4,Intervention Phase,5
ee633630-df03-11ef-8b3e-0242ac120003,3,Pre phase ,5
ee705994-dd66-11ef-9db1-0242ac120003,3,Pre phase ,4
ee705994-dd66-11ef-9db1-0242ac120003,4,Intervention Phase,3
ee705994-dd66-11ef-9db1-0242ac120003,5,Post Phase,3
eeadf1b2-de1c-11ef-8bc0-0242ac120003,5,Post Phase,4
eeadf1b2-de1c-11ef-8bc0-0242ac120003,3,Pre phase ,4
eeadf1b2-de1c-11ef-8bc0-0242ac120003,4,Intervention Phase,4
eeee622c-dd79-11ef-b02c-0242ac120003,3,Pre phase ,4
eeee622c-dd79-11ef-b02c-0242ac120003,5,Post Phase,4
eeee622c-dd79-11ef-b02c-0242ac120003,4,Intervention Phase,4
ef958468-e2e1-11ef-b02c-0242ac120003,3,Pre phase ,3
ef958468-e2e1-11ef-b02c-0242ac120003,4,Intervention Phase,4
ef958468-e2e1-11ef-b02c-0242ac120003,5,Post Phase,4
f078fcd8-de37-11ef-9077-0242ac120003,3,Pre phase ,4
f078fcd8-de37-11ef-9077-0242ac120003,5,Post Phase,4
f078fcd8-de37-11ef-9077-0242ac120003,4,Intervention Phase,4
f095a482-deff-11ef-a87b-0242ac120003,4,Intervention Phase,4
f095a482-deff-11ef-a87b-0242ac120003,3,Pre phase ,3
f095a482-deff-11ef-a87b-0242ac120003,5,Post Phase,3
f2148bae-de17-11ef-9db1-0242ac120003,3,Pre phase ,4
f2148bae-de17-11ef-9db1-0242ac120003,4,Intervention Phase,4
f2148bae-de17-11ef-9db1-0242ac120003,5,Post Phase,4
f24cb72c-dd59-11ef-8bc0-0242ac120003,4,Intervention Phase,5
f24cb72c-dd59-11ef-8bc0-0242ac120003,3,Pre phase ,5
f24cb72c-dd59-11ef-8bc0-0242ac120003,5,Post Phase,5
f24eceda-dee0-11ef-a609-0242ac120003,4,Intervention Phase,3
f24eceda-dee0-11ef-a609-0242ac120003,5,Post Phase,3
f24eceda-dee0-11ef-a609-0242ac120003,3,Pre phase ,3
f25624cc-dfa9-11ef-b02c-0242ac120003,4,Intervention Phase,4
f25624cc-dfa9-11ef-b02c-0242ac120003,3,Pre phase ,4
f25624cc-dfa9-11ef-b02c-0242ac120003,5,Post Phase,4
f35155be-de31-11ef-8bc0-0242ac120003,5,Post Phase,3
f35155be-de31-11ef-8bc0-0242ac120003,4,Intervention Phase,4
f35155be-de31-11ef-8bc0-0242ac120003,3,Pre phase ,3
f41ee72c-dfcb-11ef-b02c-0242ac120003,4,Intervention Phase,4
f41ee72c-dfcb-11ef-b02c-0242ac120003,5,Post Phase,4
f41ee72c-dfcb-11ef-b02c-0242ac120003,3,Pre phase ,3
f42f36a2-dd70-11ef-8bc0-0242ac120003,3,Pre phase ,4
f42f36a2-dd70-11ef-8bc0-0242ac120003,5,Post Phase,5
f42f36a2-dd70-11ef-8bc0-0242ac120003,4,Intervention Phase,4
f4ae8698-dee5-11ef-af32-0242ac120003,3,Pre phase ,5
f4ae8698-dee5-11ef-af32-0242ac120003,5,Post Phase,5
f4ae8698-dee5-11ef-af32-0242ac120003,4,Intervention Phase,5
f4c15f56-dfa9-11ef-9101-0242ac120003,3,Pre phase ,5
f4c15f56-dfa9-11ef-9101-0242ac120003,5,Post Phase,4
f4c15f56-dfa9-11ef-9101-0242ac120003,4,Intervention Phase,4
f4f87cb4-dd6c-11ef-8bc0-0242ac120003,4,Intervention Phase,4
f4f87cb4-dd6c-11ef-8bc0-0242ac120003,4,Intervention Phase,4
f4f87cb4-dd6c-11ef-8bc0-0242ac120003,4,Intervention Phase,4
f4f87cb4-dd6c-11ef-8bc0-0242ac120003,4,Intervention Phase,4
f4f87cb4-dd6c-11ef-8bc0-0242ac120003,4,Intervention Phase,4
f4f87cb4-dd6c-11ef-8bc0-0242ac120003,3,Pre phase ,4
f4f87cb4-dd6c-11ef-8bc0-0242ac120003,4,Intervention Phase,4
f4f87cb4-dd6c-11ef-8bc0-0242ac120003,4,Intervention Phase,4
f4f87cb4-dd6c-11ef-8bc0-0242ac120003,4,Intervention Phase,4
f4f87cb4-dd6c-11ef-8bc0-0242ac120003,4,Intervention Phase,4
f4f87cb4-dd6c-11ef-8bc0-0242ac120003,4,Intervention Phase,4
f4f87cb4-dd6c-11ef-8bc0-0242ac120003,4,Intervention Phase,4
f4f87cb4-dd6c-11ef-8bc0-0242ac120003,4,Intervention Phase,4
f4f87cb4-dd6c-11ef-8bc0-0242ac120003,4,Intervention Phase,4
f4f87cb4-dd6c-11ef-8bc0-0242ac120003,4,Intervention Phase,4
f4f87cb4-dd6c-11ef-8bc0-0242ac120003,4,Intervention Phase,4
f4f87cb4-dd6c-11ef-8bc0-0242ac120003,4,Intervention Phase,4
f4f87cb4-dd6c-11ef-8bc0-0242ac120003,4,Intervention Phase,4
f4f87cb4-dd6c-11ef-8bc0-0242ac120003,4,Intervention Phase,4
f4f87cb4-dd6c-11ef-8bc0-0242ac120003,4,Intervention Phase,4
f4f87cb4-dd6c-11ef-8bc0-0242ac120003,4,Intervention Phase,4
f4f87cb4-dd6c-11ef-8bc0-0242ac120003,4,Intervention Phase,4
f4f87cb4-dd6c-11ef-8bc0-0242ac120003,4,Intervention Phase,4
f4f87cb4-dd6c-11ef-8bc0-0242ac120003,4,Intervention Phase,4
f4f87cb4-dd6c-11ef-8bc0-0242ac120003,4,Intervention Phase,4
f4f87cb4-dd6c-11ef-8bc0-0242ac120003,4,Intervention Phase,4
f4f87cb4-dd6c-11ef-8bc0-0242ac120003,4,Intervention Phase,4
f527ffea-de28-11ef-a609-0242ac120003,5,Post Phase,4
f527ffea-de28-11ef-a609-0242ac120003,4,Intervention Phase,4
f527ffea-de28-11ef-a609-0242ac120003,3,Pre phase ,4
f5924754-dee3-11ef-9101-0242ac120003,3,Pre phase ,4
f5924754-dee3-11ef-9101-0242ac120003,4,Intervention Phase,4
f5924754-dee3-11ef-9101-0242ac120003,5,Post Phase,4
f8058624-dd5b-11ef-9101-0242ac120003,5,Post Phase,5
f8058624-dd5b-11ef-9101-0242ac120003,3,Pre phase ,4
f8058624-dd5b-11ef-9101-0242ac120003,4,Intervention Phase,4
f8ab83bc-de1e-11ef-b02c-0242ac120003,4,Intervention Phase,4
f8ab83bc-de1e-11ef-b02c-0242ac120003,3,Pre phase ,5
f8ab83bc-de1e-11ef-b02c-0242ac120003,5,Post Phase,4
f8ca24fa-def7-11ef-9325-0242ac120003,3,Pre phase ,3
f8ca24fa-def7-11ef-9325-0242ac120003,4,Intervention Phase,3
f8ca24fa-def7-11ef-9325-0242ac120003,5,Post Phase,4
f8d6e6d6-dfd3-11ef-8bc0-0242ac120003,5,Post Phase,4
f8d6e6d6-dfd3-11ef-8bc0-0242ac120003,4,Intervention Phase,4
f8d6e6d6-dfd3-11ef-8bc0-0242ac120003,3,Pre phase ,4
f8e50d80-df09-11ef-9077-0242ac120003,5,Post Phase,5
f8e50d80-df09-11ef-9077-0242ac120003,4,Intervention Phase,5
f8e50d80-df09-11ef-9077-0242ac120003,3,Pre phase ,5
f9856fea-dfbe-11ef-aae8-0242ac120003,4,Intervention Phase,4
f9856fea-dfbe-11ef-aae8-0242ac120003,5,Post Phase,3
f9856fea-dfbe-11ef-aae8-0242ac120003,3,Pre phase ,3
facaeffe-de3a-11ef-9325-0242ac120003,5,Post Phase,4
facaeffe-de3a-11ef-9325-0242ac120003,3,Pre phase ,4
facaeffe-de3a-11ef-9325-0242ac120003,4,Intervention Phase,4
fae1f162-df0d-11ef-8b3e-0242ac120003,4,Intervention Phase,3
fae1f162-df0d-11ef-8b3e-0242ac120003,3,Pre phase ,5
fae1f162-df0d-11ef-8b3e-0242ac120003,3,Pre phase ,5
fae1f162-df0d-11ef-8b3e-0242ac120003,3,Pre phase ,5
fae1f162-df0d-11ef-8b3e-0242ac120003,5,Post Phase,5
fcaacc06-dfc8-11ef-9325-0242ac120003,5,Post Phase,4
fcaacc06-dfc8-11ef-9325-0242ac120003,3,Pre phase ,4
fcaacc06-dfc8-11ef-9325-0242ac120003,4,Intervention Phase,4
fcf1c494-dfbe-11ef-af32-0242ac120003,5,Post Phase,5
fcf1c494-dfbe-11ef-af32-0242ac120003,4,Intervention Phase,4
fcf1c494-dfbe-11ef-af32-0242ac120003,3,Pre phase ,5
fd51c0ca-def5-11ef-af32-0242ac120003,3,Pre phase ,4
fd51c0ca-def5-11ef-af32-0242ac120003,5,Post Phase,5
fd51c0ca-def5-11ef-af32-0242ac120003,4,Intervention Phase,4
fe797c02-def7-11ef-a609-0242ac120003,5,Post Phase,4
fe797c02-def7-11ef-a609-0242ac120003,3,Pre phase ,3
fe797c02-def7-11ef-a609-0242ac120003,4,Intervention Phase,4
ff0ec3cc-de41-11ef-8bc0-0242ac120003,3,Pre phase ,4
ff0ec3cc-de41-11ef-8bc0-0242ac120003,4,Intervention Phase,4
ff0ec3cc-de41-11ef-8bc0-0242ac120003,5,Post Phase,4
ff5d0864-dd7b-11ef-a609-0242ac120003,5,Post Phase,4
ff5d0864-dd7b-11ef-a609-0242ac120003,4,Intervention Phase,3
ff5d0864-dd7b-11ef-a609-0242ac120003,3,Pre phase ,3
ffac8072-dfbc-11ef-b02c-0242ac120003,5,Post Phase,5
ffac8072-dfbc-11ef-b02c-0242ac120003,3,Pre phase ,5
ffac8072-dfbc-11ef-b02c-0242ac120003,4,Intervention Phase,5
